per_idx,cat_idx,dt_idx,et_idx,geo_idx,is_adj,val
1,21,1,0,1,0,15693
1,21,1,0,1,1,17170
2,21,1,0,1,0,15835
2,21,1,0,1,1,16990
2,21,2,0,1,1,-1
2,21,2,0,1,0,0.9
3,21,1,0,1,0,16848
3,21,1,0,1,1,16916
3,21,2,0,1,1,-0.4
3,21,2,0,1,0,6.4
4,21,1,0,1,0,16494
4,21,1,0,1,1,16677
4,21,2,0,1,1,-1.4
4,21,2,0,1,0,-2.1
5,21,1,0,1,0,17648
5,21,1,0,1,1,16602
5,21,2,0,1,1,-0.4
5,21,2,0,1,0,7
6,21,1,0,1,0,16814
6,21,1,0,1,1,16277
6,21,2,0,1,1,-2
6,21,2,0,1,0,-4.7
7,21,1,0,1,0,17304
7,21,1,0,1,1,16496
7,21,2,0,1,1,1.3
7,21,2,0,1,0,2.9
8,21,1,0,1,0,17888
8,21,1,0,1,1,16733
8,21,2,0,1,1,1.4
8,21,2,0,1,0,3.4
9,21,1,0,1,0,16459
9,21,1,0,1,1,16812
9,21,2,0,1,1,0.5
9,21,2,0,1,0,-8
10,21,1,0,1,0,17668
10,21,1,0,1,1,17104
10,21,2,0,1,1,1.7
10,21,2,0,1,0,7.3
11,21,1,0,1,0,16723
11,21,1,0,1,1,17420
11,21,2,0,1,1,1.8
11,21,2,0,1,0,-5.3
12,21,1,0,1,0,17491
12,21,1,0,1,1,17491
12,21,2,0,1,1,0.4
12,21,2,0,1,0,4.6
13,21,1,0,1,0,16201
13,21,1,0,1,1,17553
13,21,2,0,1,1,0.4
13,21,2,0,1,0,-7.4
14,21,1,0,1,0,15625
14,21,1,0,1,1,17478
14,21,2,0,1,1,-0.4
14,21,2,0,1,0,-3.6
15,21,1,0,1,0,17414
15,21,1,0,1,1,17554
15,21,2,0,1,1,0.4
15,21,2,0,1,0,11.4
16,21,1,0,1,0,17841
16,21,1,0,1,1,17770
16,21,2,0,1,1,1.2
16,21,2,0,1,0,2.5
17,21,1,0,1,0,18712
17,21,1,0,1,1,17821
17,21,2,0,1,1,0.3
17,21,2,0,1,0,4.9
18,21,1,0,1,0,18571
18,21,1,0,1,1,18030
18,21,2,0,1,1,1.2
18,21,2,0,1,0,-0.8
19,21,1,0,1,0,19092
19,21,1,0,1,1,17927
19,21,2,0,1,1,-0.6
19,21,2,0,1,0,2.8
20,21,1,0,1,0,19329
20,21,1,0,1,1,18201
20,21,2,0,1,1,1.5
20,21,2,0,1,0,1.2
21,21,1,0,1,0,18108
21,21,1,0,1,1,18515
21,21,2,0,1,1,1.7
21,21,2,0,1,0,-6.3
22,21,1,0,1,0,18745
22,21,1,0,1,1,18199
22,21,2,0,1,1,-1.7
22,21,2,0,1,0,3.5
23,21,1,0,1,0,17463
23,21,1,0,1,1,18153
23,21,2,0,1,1,-0.3
23,21,2,0,1,0,-6.8
24,21,1,0,1,0,18366
24,21,1,0,1,1,18238
24,21,2,0,1,1,0.5
24,21,2,0,1,0,5.2
25,21,1,0,1,0,16073
25,21,1,0,1,1,17624
25,21,2,0,1,1,-3.4
25,21,2,0,1,0,-12.5
26,21,1,0,1,0,16509
26,21,1,0,1,1,18425
26,21,2,0,1,1,4.5
26,21,2,0,1,0,2.7
27,21,1,0,1,0,18757
27,21,1,0,1,1,18813
27,21,2,0,1,1,2.1
27,21,2,0,1,0,13.6
28,21,1,0,1,0,18774
28,21,1,0,1,1,18533
28,21,2,0,1,1,-1.5
28,21,2,0,1,0,0.1
29,21,1,0,1,0,19400
29,21,1,0,1,1,18600
29,21,2,0,1,1,0.4
29,21,2,0,1,0,3.3
30,21,1,0,1,0,19437
30,21,1,0,1,1,18889
30,21,2,0,1,1,1.6
30,21,2,0,1,0,0.2
31,21,1,0,1,0,20157
31,21,1,0,1,1,18962
31,21,2,0,1,1,0.4
31,21,2,0,1,0,3.7
32,21,1,0,1,0,19943
32,21,1,0,1,1,18868
32,21,2,0,1,1,-0.5
32,21,2,0,1,0,-1.1
33,21,1,0,1,0,18826
33,21,1,0,1,1,18978
33,21,2,0,1,1,0.6
33,21,2,0,1,0,-5.6
34,21,1,0,1,0,19314
34,21,1,0,1,1,19010
34,21,2,0,1,1,0.2
34,21,2,0,1,0,2.6
35,21,1,0,1,0,18248
35,21,1,0,1,1,19028
35,21,2,0,1,1,0.1
35,21,2,0,1,0,-5.5
36,21,1,0,1,0,19562
36,21,1,0,1,1,19178
36,21,2,0,1,1,0.8
36,21,2,0,1,0,7.2
37,21,1,0,1,0,17340
37,21,1,0,1,1,19160
37,21,2,0,1,1,-0.1
37,21,2,0,1,0,-11.4
38,21,1,0,1,0,16982
38,21,1,0,1,1,18911
38,21,2,0,1,1,-1.3
38,21,2,0,1,0,-2.1
39,21,1,0,1,0,19369
39,21,1,0,1,1,19234
39,21,2,0,1,1,1.7
39,21,2,0,1,0,14.1
40,21,1,0,1,0,19404
40,21,1,0,1,1,19346
40,21,2,0,1,1,0.6
40,21,2,0,1,0,0.2
41,21,1,0,1,0,20209
41,21,1,0,1,1,19450
41,21,2,0,1,1,0.5
41,21,2,0,1,0,4.1
42,21,1,0,1,0,20235
42,21,1,0,1,1,19419
42,21,2,0,1,1,-0.2
42,21,2,0,1,0,0.1
43,21,1,0,1,0,20502
43,21,1,0,1,1,19489
43,21,2,0,1,1,0.4
43,21,2,0,1,0,1.3
44,21,1,0,1,0,20878
44,21,1,0,1,1,19715
44,21,2,0,1,1,1.2
44,21,2,0,1,0,1.8
45,21,1,0,1,0,19601
45,21,1,0,1,1,19640
45,21,2,0,1,1,-0.4
45,21,2,0,1,0,-6.1
46,21,1,0,1,0,19768
46,21,1,0,1,1,19611
46,21,2,0,1,1,-0.1
46,21,2,0,1,0,0.9
47,21,1,0,1,0,18785
47,21,1,0,1,1,19609
47,21,2,0,1,1,0
47,21,2,0,1,0,-5
48,21,1,0,1,0,19939
48,21,1,0,1,1,19625
48,21,2,0,1,1,0.1
48,21,2,0,1,0,6.1
49,21,1,0,1,0,17647
49,21,1,0,1,1,19564
49,21,2,0,1,1,-0.3
49,21,2,0,1,0,-11.5
50,21,1,0,1,0,18439
50,21,1,0,1,1,19742
50,21,2,0,1,1,0.9
50,21,2,0,1,0,4.5
51,21,1,0,1,0,20259
51,21,1,0,1,1,19862
51,21,2,0,1,1,0.6
51,21,2,0,1,0,9.9
52,21,1,0,1,0,19832
52,21,1,0,1,1,19932
52,21,2,0,1,1,0.4
52,21,2,0,1,0,-2.1
53,21,1,0,1,0,21139
53,21,1,0,1,1,20094
53,21,2,0,1,1,0.8
53,21,2,0,1,0,6.6
54,21,1,0,1,0,20669
54,21,1,0,1,1,19932
54,21,2,0,1,1,-0.8
54,21,2,0,1,0,-2.2
55,21,1,0,1,0,20971
55,21,1,0,1,1,20145
55,21,2,0,1,1,1.1
55,21,2,0,1,0,1.5
56,21,1,0,1,0,21792
56,21,1,0,1,1,20140
56,21,2,0,1,1,0
56,21,2,0,1,0,3.9
57,21,1,0,1,0,19826
57,21,1,0,1,1,20397
57,21,2,0,1,1,1.3
57,21,2,0,1,0,-9
58,21,1,0,1,0,20736
58,21,1,0,1,1,20551
58,21,2,0,1,1,0.8
58,21,2,0,1,0,4.6
59,21,1,0,1,0,20332
59,21,1,0,1,1,20789
59,21,2,0,1,1,1.2
59,21,2,0,1,0,-1.9
60,21,1,0,1,0,20603
60,21,1,0,1,1,20707
60,21,2,0,1,1,-0.4
60,21,2,0,1,0,1.3
61,21,1,0,1,0,19316
61,21,1,0,1,1,21110
61,21,2,0,1,1,1.9
61,21,2,0,1,0,-6.2
62,21,1,0,1,0,19128
62,21,1,0,1,1,21136
62,21,2,0,1,1,0.1
62,21,2,0,1,0,-1
63,21,1,0,1,0,21383
63,21,1,0,1,1,21171
63,21,2,0,1,1,0.2
63,21,2,0,1,0,11.8
64,21,1,0,1,0,21110
64,21,1,0,1,1,21216
64,21,2,0,1,1,0.2
64,21,2,0,1,0,-1.3
65,21,1,0,1,0,22674
65,21,1,0,1,1,21230
65,21,2,0,1,1,0.1
65,21,2,0,1,0,7.4
66,21,1,0,1,0,21874
66,21,1,0,1,1,21382
66,21,2,0,1,1,0.7
66,21,2,0,1,0,-3.5
67,21,1,0,1,0,22665
67,21,1,0,1,1,21689
67,21,2,0,1,1,1.4
67,21,2,0,1,0,3.6
68,21,1,0,1,0,23300
68,21,1,0,1,1,21674
68,21,2,0,1,1,-0.1
68,21,2,0,1,0,2.8
69,21,1,0,1,0,21392
69,21,1,0,1,1,21986
69,21,2,0,1,1,1.4
69,21,2,0,1,0,-8.2
70,21,1,0,1,0,22106
70,21,1,0,1,1,21758
70,21,2,0,1,1,-1
70,21,2,0,1,0,3.3
71,21,1,0,1,0,20751
71,21,1,0,1,1,21504
71,21,2,0,1,1,-1.2
71,21,2,0,1,0,-6.1
72,21,1,0,1,0,21665
72,21,1,0,1,1,21818
72,21,2,0,1,1,1.5
72,21,2,0,1,0,4.4
73,21,1,0,1,0,20408
73,21,1,0,1,1,21921
73,21,2,0,1,1,0.5
73,21,2,0,1,0,-5.8
74,21,1,0,1,0,20096
74,21,1,0,1,1,22132
74,21,2,0,1,1,1
74,21,2,0,1,0,-1.5
75,21,1,0,1,0,22340
75,21,1,0,1,1,22251
75,21,2,0,1,1,0.5
75,21,2,0,1,0,11.2
76,21,1,0,1,0,22241
76,21,1,0,1,1,22353
76,21,2,0,1,1,0.5
76,21,2,0,1,0,-0.4
77,21,1,0,1,0,23872
77,21,1,0,1,1,22436
77,21,2,0,1,1,0.4
77,21,2,0,1,0,7.3
78,21,1,0,1,0,23200
78,21,1,0,1,1,22634
78,21,2,0,1,1,0.9
78,21,2,0,1,0,-2.8
79,21,1,0,1,0,23744
79,21,1,0,1,1,22570
79,21,2,0,1,1,-0.3
79,21,2,0,1,0,2.3
80,21,1,0,1,0,23857
80,21,1,0,1,1,22743
80,21,2,0,1,1,0.8
80,21,2,0,1,0,0.5
81,21,1,0,1,0,22328
81,21,1,0,1,1,22830
81,21,2,0,1,1,0.4
81,21,2,0,1,0,-6.4
82,21,1,0,1,0,23735
82,21,1,0,1,1,23066
82,21,2,0,1,1,1
82,21,2,0,1,0,6.3
83,21,1,0,1,0,22022
83,21,1,0,1,1,23157
83,21,2,0,1,1,0.4
83,21,2,0,1,0,-7.2
84,21,1,0,1,0,23351
84,21,1,0,1,1,23351
84,21,2,0,1,1,0.8
84,21,2,0,1,0,6
85,21,1,0,1,0,21316
85,21,1,0,1,1,22871
85,21,2,0,1,1,-2.1
85,21,2,0,1,0,-8.7
86,21,1,0,1,0,21199
86,21,1,0,1,1,23270
86,21,2,0,1,1,1.7
86,21,2,0,1,0,-0.5
87,21,1,0,1,0,23320
87,21,1,0,1,1,23250
87,21,2,0,1,1,-0.1
87,21,2,0,1,0,10
88,21,1,0,1,0,23674
88,21,1,0,1,1,23440
88,21,2,0,1,1,0.8
88,21,2,0,1,0,1.5
89,21,1,0,1,0,24651
89,21,1,0,1,1,23500
89,21,2,0,1,1,0.3
89,21,2,0,1,0,4.1
90,21,1,0,1,0,24088
90,21,1,0,1,1,23546
90,21,2,0,1,1,0.2
90,21,2,0,1,0,-2.3
91,21,1,0,1,0,25059
91,21,1,0,1,1,23508
91,21,2,0,1,1,-0.2
91,21,2,0,1,0,4
92,21,1,0,1,0,24611
92,21,1,0,1,1,23664
92,21,2,0,1,1,0.7
92,21,2,0,1,0,-1.8
93,21,1,0,1,0,23240
93,21,1,0,1,1,23836
93,21,2,0,1,1,0.7
93,21,2,0,1,0,-5.6
94,21,1,0,1,0,24847
94,21,1,0,1,1,24265
94,21,2,0,1,1,1.8
94,21,2,0,1,0,6.9
95,21,1,0,1,0,23249
95,21,1,0,1,1,24421
95,21,2,0,1,1,0.6
95,21,2,0,1,0,-6.4
96,21,1,0,1,0,24646
96,21,1,0,1,1,24378
96,21,2,0,1,1,-0.2
96,21,2,0,1,0,6
97,21,1,0,1,0,22713
97,21,1,0,1,1,24608
97,21,2,0,1,1,0.9
97,21,2,0,1,0,-7.8
98,21,1,0,1,0,23493
98,21,1,0,1,1,24887
98,21,2,0,1,1,1.1
98,21,2,0,1,0,3.4
99,21,1,0,1,0,25798
99,21,1,0,1,1,25367
99,21,2,0,1,1,1.9
99,21,2,0,1,0,9.8
100,21,1,0,1,0,25366
100,21,1,0,1,1,25215
100,21,2,0,1,1,-0.6
100,21,2,0,1,0,-1.7
101,21,1,0,1,0,26125
101,21,1,0,1,1,25193
101,21,2,0,1,1,-0.1
101,21,2,0,1,0,3
102,21,1,0,1,0,26222
102,21,1,0,1,1,25262
102,21,2,0,1,1,0.3
102,21,2,0,1,0,0.4
103,21,1,0,1,0,26701
103,21,1,0,1,1,25454
103,21,2,0,1,1,0.8
103,21,2,0,1,0,1.8
104,21,1,0,1,0,26457
104,21,1,0,1,1,25342
104,21,2,0,1,1,-0.4
104,21,2,0,1,0,-0.9
105,21,1,0,1,0,25531
105,21,1,0,1,1,25711
105,21,2,0,1,1,1.5
105,21,2,0,1,0,-3.5
106,21,1,0,1,0,25732
106,21,1,0,1,1,25706
106,21,2,0,1,1,0
106,21,2,0,1,0,0.8
107,21,1,0,1,0,24362
107,21,1,0,1,1,25698
107,21,2,0,1,1,0
107,21,2,0,1,0,-5.3
108,21,1,0,1,0,25761
108,21,1,0,1,1,25133
108,21,2,0,1,1,-2.2
108,21,2,0,1,0,5.7
109,21,1,0,1,0,23955
109,21,1,0,1,1,26180
109,21,2,0,1,1,4.2
109,21,2,0,1,0,-7
110,21,1,0,1,0,23801
110,21,1,0,1,1,26069
110,21,2,0,1,1,-0.4
110,21,2,0,1,0,-0.6
111,21,1,0,1,0,27010
111,21,1,0,1,1,26122
111,21,2,0,1,1,0.2
111,21,2,0,1,0,13.5
112,21,1,0,1,0,25863
112,21,1,0,1,1,26045
112,21,0,1,1,1,1.9
112,21,0,1,1,0,1.9
112,21,0,2,1,1,0.3
112,21,0,2,1,0,0.3
112,21,2,0,1,1,-0.3
112,21,2,0,1,0,-4.2
113,21,1,0,1,0,27355
113,21,1,0,1,1,26278
113,21,0,1,1,1,2.2
113,21,0,1,1,0,2.2
113,21,0,2,1,1,0.6
113,21,0,2,1,0,0.6
113,21,2,0,1,1,0.9
113,21,2,0,1,0,5.8
114,21,1,0,1,0,27566
114,21,1,0,1,1,26379
114,21,0,1,1,1,2.2
114,21,0,1,1,0,2.2
114,21,0,2,1,1,0.4
114,21,0,2,1,0,0.4
114,21,2,0,1,1,0.4
114,21,2,0,1,0,0.8
115,21,1,0,1,0,27594
115,21,1,0,1,1,26507
115,21,0,1,1,1,2.3
115,21,0,1,1,0,2.3
115,21,0,2,1,1,0.5
115,21,0,2,1,0,0.5
115,21,2,0,1,1,0.5
115,21,2,0,1,0,0.1
116,21,1,0,1,0,28303
116,21,1,0,1,1,26853
116,21,0,1,1,1,2.3
116,21,0,1,1,0,2.3
116,21,0,2,1,1,0.4
116,21,0,2,1,0,0.4
116,21,2,0,1,1,1.3
116,21,2,0,1,0,2.6
117,21,1,0,1,0,25714
117,21,1,0,1,1,26239
117,21,0,1,1,1,2.2
117,21,0,1,1,0,2.2
117,21,0,2,1,1,0.4
117,21,0,2,1,0,0.4
117,21,2,0,1,1,-2.3
117,21,2,0,1,0,-9.1
118,21,1,0,1,0,26408
118,21,1,0,1,1,26541
118,21,0,1,1,1,2
118,21,0,1,1,0,2
118,21,0,2,1,1,0.5
118,21,0,2,1,0,0.5
118,21,2,0,1,1,1.2
118,21,2,0,1,0,2.7
119,21,1,0,1,0,25533
119,21,1,0,1,1,26597
119,21,0,1,1,1,1.8
119,21,0,1,1,0,1.8
119,21,0,2,1,1,0.4
119,21,0,2,1,0,0.4
119,21,2,0,1,1,0.2
119,21,2,0,1,0,-3.3
120,21,1,0,1,0,27536
120,21,1,0,1,1,27156
120,21,0,1,1,1,2
120,21,0,1,1,0,2
120,21,0,2,1,1,0.5
120,21,0,2,1,0,0.5
120,21,2,0,1,1,2.1
120,21,2,0,1,0,7.8
121,21,1,0,1,0,25052
121,21,1,0,1,1,27201
121,21,0,1,1,1,1.9
121,21,0,1,1,0,1.9
121,21,0,2,1,1,0.5
121,21,0,2,1,0,0.5
121,21,2,0,1,1,0.2
121,21,2,0,1,0,-9
122,21,1,0,1,0,25002
122,21,1,0,1,1,27384
122,21,0,1,1,1,1.8
122,21,0,1,1,0,1.8
122,21,0,2,1,1,0.2
122,21,0,2,1,0,0.2
122,21,2,0,1,1,0.7
122,21,2,0,1,0,-0.2
123,21,1,0,1,0,28128
123,21,1,0,1,1,27203
123,21,0,1,1,1,1.9
123,21,0,1,1,0,1.9
123,21,0,2,1,1,0.3
123,21,0,2,1,0,0.3
123,21,2,0,1,1,-0.7
123,21,2,0,1,0,12.5
124,21,1,0,1,0,27390
124,21,1,0,1,1,27500
124,21,0,1,1,1,2.1
124,21,0,1,1,0,2.1
124,21,0,2,1,1,0.4
124,21,0,2,1,0,0.4
124,21,2,0,1,1,1.1
124,21,2,0,1,0,-2.6
125,21,1,0,1,0,28720
125,21,1,0,1,1,27378
125,21,0,1,1,1,2
125,21,0,1,1,0,2
125,21,0,2,1,1,0.5
125,21,0,2,1,0,0.5
125,21,2,0,1,1,-0.4
125,21,2,0,1,0,4.9
126,21,1,0,1,0,28469
126,21,1,0,1,1,27586
126,21,0,1,1,1,1.9
126,21,0,1,1,0,1.9
126,21,0,2,1,1,0.4
126,21,0,2,1,0,0.4
126,21,2,0,1,1,0.8
126,21,2,0,1,0,-0.9
127,21,1,0,1,0,28638
127,21,1,0,1,1,27616
127,21,0,1,1,1,2.3
127,21,0,1,1,0,2.3
127,21,0,2,1,1,0.5
127,21,0,2,1,0,0.5
127,21,2,0,1,1,0.1
127,21,2,0,1,0,0.6
128,21,1,0,1,0,29540
128,21,1,0,1,1,27607
128,21,0,1,1,1,2.2
128,21,0,1,1,0,2.2
128,21,0,2,1,1,0.4
128,21,0,2,1,0,0.4
128,21,2,0,1,1,0
128,21,2,0,1,0,3.1
129,21,1,0,1,0,26839
129,21,1,0,1,1,27784
129,21,0,1,1,1,1.8
129,21,0,1,1,0,1.8
129,21,0,2,1,1,0.5
129,21,0,2,1,0,0.5
129,21,2,0,1,1,0.6
129,21,2,0,1,0,-9.1
130,21,1,0,1,0,27595
130,21,1,0,1,1,27623
130,21,0,1,1,1,2.1
130,21,0,1,1,0,2.1
130,21,0,2,1,1,0.3
130,21,0,2,1,0,0.3
130,21,2,0,1,1,-0.6
130,21,2,0,1,0,2.8
131,21,1,0,1,0,26967
131,21,1,0,1,1,27916
131,21,0,1,1,1,2.2
131,21,0,1,1,0,2.2
131,21,0,2,1,1,0.4
131,21,0,2,1,0,0.4
131,21,2,0,1,1,1.1
131,21,2,0,1,0,-2.3
132,21,1,0,1,0,28185
132,21,1,0,1,1,28017
132,21,0,1,1,1,2.1
132,21,0,1,1,0,2.1
132,21,0,2,1,1,0.5
132,21,0,2,1,0,0.5
132,21,2,0,1,1,0.4
132,21,2,0,1,0,4.5
133,21,1,0,1,0,26057
133,21,1,0,1,1,28018
133,21,0,1,1,1,2.3
133,21,0,1,1,0,2.3
133,21,0,2,1,1,0.6
133,21,0,2,1,0,0.6
133,21,2,0,1,1,0
133,21,2,0,1,0,-7.6
134,21,1,0,1,0,25573
134,21,1,0,1,1,27979
134,21,0,1,1,1,1.8
134,21,0,1,1,0,1.8
134,21,0,2,1,1,0.3
134,21,0,2,1,0,0.3
134,21,2,0,1,1,-0.1
134,21,2,0,1,0,-1.9
135,21,1,0,1,0,29161
135,21,1,0,1,1,28505
135,21,0,1,1,1,2
135,21,0,1,1,0,2
135,21,0,2,1,1,0.5
135,21,0,2,1,0,0.5
135,21,2,0,1,1,1.9
135,21,2,0,1,0,14
136,21,1,0,1,0,28261
136,21,1,0,1,1,28403
136,21,0,1,1,1,1.9
136,21,0,1,1,0,1.9
136,21,0,2,1,1,0.4
136,21,0,2,1,0,0.4
136,21,2,0,1,1,-0.4
136,21,2,0,1,0,-3.1
137,21,1,0,1,0,30907
137,21,1,0,1,1,29048
137,21,0,1,1,1,2
137,21,0,1,1,0,2
137,21,0,2,1,1,0.5
137,21,0,2,1,0,0.5
137,21,2,0,1,1,2.3
137,21,2,0,1,0,9.4
138,21,1,0,1,0,29756
138,21,1,0,1,1,29230
138,21,0,1,1,1,1.9
138,21,0,1,1,0,1.9
138,21,0,2,1,1,0.4
138,21,0,2,1,0,0.4
138,21,2,0,1,1,0.6
138,21,2,0,1,0,-3.7
139,21,1,0,1,0,30600
139,21,1,0,1,1,29395
139,21,0,1,1,1,2.1
139,21,0,1,1,0,2.1
139,21,0,2,1,1,0.5
139,21,0,2,1,0,0.5
139,21,2,0,1,1,0.6
139,21,2,0,1,0,2.8
140,21,1,0,1,0,31844
140,21,1,0,1,1,29844
140,21,0,1,1,1,2.3
140,21,0,1,1,0,2.3
140,21,0,2,1,1,0.4
140,21,0,2,1,0,0.4
140,21,2,0,1,1,1.5
140,21,2,0,1,0,4.1
141,21,1,0,1,0,28559
141,21,1,0,1,1,29503
141,21,0,1,1,1,2.2
141,21,0,1,1,0,2.2
141,21,0,2,1,1,0.6
141,21,0,2,1,0,0.6
141,21,2,0,1,1,-1.1
141,21,2,0,1,0,-10.3
142,21,1,0,1,0,30255
142,21,1,0,1,1,30045
142,21,0,1,1,1,2.2
142,21,0,1,1,0,2.2
142,21,0,2,1,1,0.4
142,21,0,2,1,0,0.4
142,21,2,0,1,1,1.8
142,21,2,0,1,0,5.9
143,21,1,0,1,0,28869
143,21,1,0,1,1,30229
143,21,0,1,1,1,2.1
143,21,0,1,1,0,2.1
143,21,0,2,1,1,0.4
143,21,0,2,1,0,0.4
143,21,2,0,1,1,0.6
143,21,2,0,1,0,-4.6
144,21,1,0,1,0,29884
144,21,1,0,1,1,29795
144,21,0,1,1,1,2.4
144,21,0,1,1,0,2.4
144,21,0,2,1,1,0.7
144,21,0,2,1,0,0.7
144,21,2,0,1,1,-1.4
144,21,2,0,1,0,3.5
145,21,1,0,1,0,28642
145,21,1,0,1,1,30341
145,21,0,1,1,1,2.2
145,21,0,1,1,0,2.2
145,21,0,2,1,1,0.6
145,21,0,2,1,0,0.6
145,21,2,0,1,1,1.8
145,21,2,0,1,0,-4.2
146,21,1,0,1,0,28755
146,21,1,0,1,1,30461
146,21,0,1,1,1,2.4
146,21,0,1,1,0,2.4
146,21,0,2,1,1,0.3
146,21,0,2,1,0,0.3
146,21,2,0,1,1,0.4
146,21,2,0,1,0,0.4
147,21,1,0,1,0,31133
147,21,1,0,1,1,30703
147,21,0,1,1,1,2.4
147,21,0,1,1,0,2.4
147,21,0,2,1,1,0.4
147,21,0,2,1,0,0.4
147,21,2,0,1,1,0.8
147,21,2,0,1,0,8.3
148,21,1,0,1,0,30866
148,21,1,0,1,1,30560
148,21,0,1,1,1,2.5
148,21,0,1,1,0,2.5
148,21,0,2,1,1,0.2
148,21,0,2,1,0,0.2
148,21,2,0,1,1,-0.5
148,21,2,0,1,0,-0.9
149,21,1,0,1,0,32155
149,21,1,0,1,1,30712
149,21,0,1,1,1,2.5
149,21,0,1,1,0,2.5
149,21,0,2,1,1,0.4
149,21,0,2,1,0,0.4
149,21,2,0,1,1,0.5
149,21,2,0,1,0,4.2
150,21,1,0,1,0,31380
150,21,1,0,1,1,30825
150,21,0,1,1,1,2.6
150,21,0,1,1,0,2.6
150,21,0,2,1,1,0.4
150,21,0,2,1,0,0.4
150,21,2,0,1,1,0.4
150,21,2,0,1,0,-2.4
151,21,1,0,1,0,33125
151,21,1,0,1,1,31191
151,21,0,1,1,1,2.7
151,21,0,1,1,0,2.7
151,21,0,2,1,1,0.6
151,21,0,2,1,0,0.6
151,21,2,0,1,1,1.2
151,21,2,0,1,0,5.6
152,21,1,0,1,0,32184
152,21,1,0,1,1,31036
152,21,0,1,1,1,2.5
152,21,0,1,1,0,2.5
152,21,0,2,1,1,0.3
152,21,0,2,1,0,0.3
152,21,2,0,1,1,-0.5
152,21,2,0,1,0,-2.8
153,21,1,0,1,0,30550
153,21,1,0,1,1,31430
153,21,0,1,1,1,2.5
153,21,0,1,1,0,2.5
153,21,0,2,1,1,0.5
153,21,0,2,1,0,0.5
153,21,2,0,1,1,1.3
153,21,2,0,1,0,-5.1
154,21,1,0,1,0,32258
154,21,1,0,1,1,31625
154,21,0,1,1,1,2.5
154,21,0,1,1,0,2.5
154,21,0,2,1,1,0.6
154,21,0,2,1,0,0.6
154,21,2,0,1,1,0.6
154,21,2,0,1,0,5.6
155,21,1,0,1,0,29981
155,21,1,0,1,1,31659
155,21,0,1,1,1,2.6
155,21,0,1,1,0,2.6
155,21,0,2,1,1,0.4
155,21,0,2,1,0,0.4
155,21,2,0,1,1,0.1
155,21,2,0,1,0,-7.1
156,21,1,0,1,0,32528
156,21,1,0,1,1,32111
156,21,0,1,1,1,2.9
156,21,0,1,1,0,2.9
156,21,0,2,1,1,0.6
156,21,0,2,1,0,0.6
156,21,2,0,1,1,1.4
156,21,2,0,1,0,8.5
157,21,1,0,1,0,29792
157,21,1,0,1,1,32000
157,21,0,1,1,1,3.1
157,21,0,1,1,0,3.1
157,21,0,2,1,1,0.4
157,21,0,2,1,0,0.4
157,21,2,0,1,1,-0.3
157,21,2,0,1,0,-8.4
158,21,1,0,1,0,29742
158,21,1,0,1,1,32469
158,21,0,1,1,1,3.1
158,21,0,1,1,0,3.1
158,21,0,2,1,1,0.2
158,21,0,2,1,0,0.2
158,21,2,0,1,1,1.5
158,21,2,0,1,0,-0.2
159,21,1,0,1,0,32757
159,21,1,0,1,1,32273
159,21,0,1,1,1,3.1
159,21,0,1,1,0,3.1
159,21,0,2,1,1,0.4
159,21,0,2,1,0,0.4
159,21,2,0,1,1,-0.6
159,21,2,0,1,0,10.1
160,21,1,0,1,0,33578
160,21,1,0,1,1,32823
160,21,0,1,1,1,3.1
160,21,0,1,1,0,3.1
160,21,0,2,1,1,0.4
160,21,0,2,1,0,0.4
160,21,2,0,1,1,1.7
160,21,2,0,1,0,2.5
161,21,1,0,1,0,34056
161,21,1,0,1,1,32746
161,21,0,1,1,1,3.2
161,21,0,1,1,0,3.2
161,21,0,2,1,1,0.4
161,21,0,2,1,0,0.4
161,21,2,0,1,1,-0.2
161,21,2,0,1,0,1.4
162,21,1,0,1,0,33570
162,21,1,0,1,1,33009
162,21,0,1,1,1,3.1
162,21,0,1,1,0,3.1
162,21,0,2,1,1,0.4
162,21,0,2,1,0,0.4
162,21,2,0,1,1,0.8
162,21,2,0,1,0,-1.4
163,21,1,0,1,0,34940
163,21,1,0,1,1,33056
163,21,0,1,1,1,3.2
163,21,0,1,1,0,3.2
163,21,0,2,1,1,0.5
163,21,0,2,1,0,0.5
163,21,2,0,1,1,0.1
163,21,2,0,1,0,4.1
164,21,1,0,1,0,34292
164,21,1,0,1,1,33261
164,21,0,1,1,1,3.3
164,21,0,1,1,0,3.3
164,21,0,2,1,1,0.5
164,21,0,2,1,0,0.5
164,21,2,0,1,1,0.6
164,21,2,0,1,0,-1.9
165,21,1,0,1,0,32850
165,21,1,0,1,1,33283
165,21,0,1,1,1,3.2
165,21,0,1,1,0,3.2
165,21,0,2,1,1,0.5
165,21,0,2,1,0,0.5
165,21,2,0,1,1,0.1
165,21,2,0,1,0,-4.2
166,21,1,0,1,0,33921
166,21,1,0,1,1,33618
166,21,0,1,1,1,3.1
166,21,0,1,1,0,3.1
166,21,0,2,1,1,0.3
166,21,0,2,1,0,0.3
166,21,2,0,1,1,1
166,21,2,0,1,0,3.3
167,21,1,0,1,0,32083
167,21,1,0,1,1,34022
167,21,0,1,1,1,3
167,21,0,1,1,0,3
167,21,0,2,1,1,0.5
167,21,0,2,1,0,0.5
167,21,2,0,1,1,1.2
167,21,2,0,1,0,-5.4
168,21,1,0,1,0,34882
168,21,1,0,1,1,33932
168,21,0,1,1,1,3.2
168,21,0,1,1,0,3.2
168,21,0,2,1,1,0.5
168,21,0,2,1,0,0.5
168,21,2,0,1,1,-0.3
168,21,2,0,1,0,8.7
169,21,1,0,1,0,32394
169,21,1,0,1,1,34983
169,21,0,1,1,1,3.2
169,21,0,1,1,0,3.2
169,21,0,2,1,1,0.5
169,21,0,2,1,0,0.5
169,21,2,0,1,1,3.1
169,21,2,0,1,0,-7.1
170,21,1,0,1,0,31634
170,21,1,0,1,1,34535
170,21,0,1,1,1,3
170,21,0,1,1,0,3
170,21,0,2,1,1,0.3
170,21,0,2,1,0,0.3
170,21,2,0,1,1,-1.3
170,21,2,0,1,0,-2.3
171,21,1,0,1,0,35840
171,21,1,0,1,1,34796
171,21,0,1,1,1,3.1
171,21,0,1,1,0,3.1
171,21,0,2,1,1,0.4
171,21,0,2,1,0,0.4
171,21,2,0,1,1,0.8
171,21,2,0,1,0,13.3
172,21,1,0,1,0,35141
172,21,1,0,1,1,34862
172,21,0,1,1,1,3.2
172,21,0,1,1,0,3.2
172,21,0,2,1,1,0.2
172,21,0,2,1,0,0.2
172,21,2,0,1,1,0.2
172,21,2,0,1,0,-2
173,21,1,0,1,0,36167
173,21,1,0,1,1,34910
173,21,0,1,1,1,3.3
173,21,0,1,1,0,3.3
173,21,0,2,1,1,0.4
173,21,0,2,1,0,0.4
173,21,2,0,1,1,0.1
173,21,2,0,1,0,2.9
174,21,1,0,1,0,35771
174,21,1,0,1,1,34695
174,21,0,1,1,1,3.3
174,21,0,1,1,0,3.3
174,21,0,2,1,1,0.3
174,21,0,2,1,0,0.3
174,21,2,0,1,1,-0.6
174,21,2,0,1,0,-1.1
175,21,1,0,1,0,36298
175,21,1,0,1,1,34802
175,21,0,1,1,1,3.6
175,21,0,1,1,0,3.6
175,21,0,2,1,1,0.6
175,21,0,2,1,0,0.6
175,21,2,0,1,1,0.3
175,21,2,0,1,0,1.5
176,21,1,0,1,0,36640
176,21,1,0,1,1,35367
176,21,0,1,1,1,3.4
176,21,0,1,1,0,3.4
176,21,0,2,1,1,0.5
176,21,0,2,1,0,0.5
176,21,2,0,1,1,1.6
176,21,2,0,1,0,0.9
177,21,1,0,1,0,35439
177,21,1,0,1,1,35725
177,21,0,1,1,1,1.3
177,21,0,1,1,0,1.3
177,21,0,2,1,1,0.5
177,21,0,2,1,0,0.5
177,21,2,0,1,1,1
177,21,2,0,1,0,-3.3
178,21,1,0,1,0,35820
178,21,1,0,1,1,35784
178,21,0,1,1,1,1.5
178,21,0,1,1,0,1.5
178,21,0,2,1,1,0.3
178,21,0,2,1,0,0.3
178,21,2,0,1,1,0.2
178,21,2,0,1,0,1.1
179,21,1,0,1,0,33839
179,21,1,0,1,1,35923
179,21,0,1,1,1,1.4
179,21,0,1,1,0,1.4
179,21,0,2,1,1,0.5
179,21,0,2,1,0,0.5
179,21,2,0,1,1,0.4
179,21,2,0,1,0,-5.5
180,21,1,0,1,0,37803
180,21,1,0,1,1,36881
180,21,0,1,1,1,1.6
180,21,0,1,1,0,1.6
180,21,0,2,1,1,0.7
180,21,0,2,1,0,0.7
180,21,2,0,1,1,2.7
180,21,2,0,1,0,11.7
181,21,1,0,1,0,33593
181,21,1,0,1,1,36435
181,21,0,1,1,1,1.6
181,21,0,1,1,0,1.6
181,21,0,2,1,1,0.7
181,21,0,2,1,0,0.7
181,21,2,0,1,1,-1.2
181,21,2,0,1,0,-11.1
182,21,1,0,1,0,33097
182,21,1,0,1,1,36053
182,21,0,1,1,1,1.6
182,21,0,1,1,0,1.6
182,21,0,2,1,1,0.3
182,21,0,2,1,0,0.3
182,21,2,0,1,1,-1
182,21,2,0,1,0,-1.5
183,21,1,0,1,0,38225
183,21,1,0,1,1,36579
183,21,0,1,1,1,1.5
183,21,0,1,1,0,1.5
183,21,0,2,1,1,0.4
183,21,0,2,1,0,0.4
183,21,2,0,1,1,1.5
183,21,2,0,1,0,15.5
184,21,1,0,1,0,36554
184,21,1,0,1,1,36627
184,21,0,1,1,1,1.4
184,21,0,1,1,0,1.4
184,21,0,2,1,1,0.4
184,21,0,2,1,0,0.4
184,21,2,0,1,1,0.1
184,21,2,0,1,0,-4.4
185,21,1,0,1,0,38311
185,21,1,0,1,1,36732
185,21,0,1,1,1,1.4
185,21,0,1,1,0,1.4
185,21,0,2,1,1,0.5
185,21,0,2,1,0,0.5
185,21,2,0,1,1,0.3
185,21,2,0,1,0,4.8
186,21,1,0,1,0,38450
186,21,1,0,1,1,37078
186,21,0,1,1,1,1.5
186,21,0,1,1,0,1.5
186,21,0,2,1,1,0.3
186,21,0,2,1,0,0.3
186,21,2,0,1,1,0.9
186,21,2,0,1,0,0.4
187,21,1,0,1,0,38539
187,21,1,0,1,1,37272
187,21,0,1,1,1,1.6
187,21,0,1,1,0,1.6
187,21,0,2,1,1,0.6
187,21,0,2,1,0,0.6
187,21,2,0,1,1,0.5
187,21,2,0,1,0,0.2
188,21,1,0,1,0,38825
188,21,1,0,1,1,37189
188,21,0,1,1,1,1.9
188,21,0,1,1,0,1.9
188,21,0,2,1,1,0.6
188,21,0,2,1,0,0.6
188,21,2,0,1,1,-0.2
188,21,2,0,1,0,0.7
189,21,1,0,1,0,36791
189,21,1,0,1,1,37427
189,21,0,1,1,1,1.6
189,21,0,1,1,0,1.6
189,21,0,2,1,1,0.6
189,21,0,2,1,0,0.6
189,21,2,0,1,1,0.6
189,21,2,0,1,0,-5.2
190,21,1,0,1,0,37608
190,21,1,0,1,1,37759
190,21,0,1,1,1,1.8
190,21,0,1,1,0,1.8
190,21,0,2,1,1,0.4
190,21,0,2,1,0,0.4
190,21,2,0,1,1,0.9
190,21,2,0,1,0,2.2
191,21,1,0,1,0,35954
191,21,1,0,1,1,37727
191,21,0,1,1,1,1.9
191,21,0,1,1,0,1.9
191,21,0,2,1,1,0.3
191,21,0,2,1,0,0.3
191,21,2,0,1,1,-0.1
191,21,2,0,1,0,-4.4
192,21,1,0,1,0,38604
192,21,1,0,1,1,38109
192,21,0,1,1,1,2
192,21,0,1,1,0,2
192,21,0,2,1,1,0.6
192,21,0,2,1,0,0.6
192,21,2,0,1,1,1
192,21,2,0,1,0,7.4
193,21,1,0,1,0,35063
193,21,1,0,1,1,37824
193,21,0,1,1,1,2
193,21,0,1,1,0,2
193,21,0,2,1,1,0.6
193,21,0,2,1,0,0.6
193,21,2,0,1,1,-0.7
193,21,2,0,1,0,-9.2
194,21,1,0,1,0,35722
194,21,1,0,1,1,37249
194,21,0,1,1,1,1.9
194,21,0,1,1,0,1.9
194,21,0,2,1,1,0.2
194,21,0,2,1,0,0.2
194,21,2,0,1,1,-1.5
194,21,2,0,1,0,1.9
195,21,1,0,1,0,38491
195,21,1,0,1,1,37552
195,21,0,1,1,1,1.9
195,21,0,1,1,0,1.9
195,21,0,2,1,1,0.4
195,21,0,2,1,0,0.4
195,21,2,0,1,1,0.8
195,21,2,0,1,0,7.8
196,21,1,0,1,0,37918
196,21,1,0,1,1,37729
196,21,0,1,1,1,1.6
196,21,0,1,1,0,1.6
196,21,0,2,1,1,0.5
196,21,0,2,1,0,0.5
196,21,2,0,1,1,0.5
196,21,2,0,1,0,-1.5
197,21,1,0,1,0,40679
197,21,1,0,1,1,38089
197,21,0,1,1,1,1.7
197,21,0,1,1,0,1.7
197,21,0,2,1,1,0.5
197,21,0,2,1,0,0.5
197,21,2,0,1,1,1
197,21,2,0,1,0,7.3
198,21,1,0,1,0,38716
198,21,1,0,1,1,38144
198,21,0,1,1,1,1.8
198,21,0,1,1,0,1.8
198,21,0,2,1,1,0.5
198,21,0,2,1,0,0.5
198,21,2,0,1,1,0.1
198,21,2,0,1,0,-4.8
199,21,1,0,1,0,39568
199,21,1,0,1,1,38267
199,21,0,1,1,1,1.8
199,21,0,1,1,0,1.8
199,21,0,2,1,1,0.5
199,21,0,2,1,0,0.5
199,21,2,0,1,1,0.3
199,21,2,0,1,0,2.2
200,21,1,0,1,0,40419
200,21,1,0,1,1,38239
200,21,0,1,1,1,1.7
200,21,0,1,1,0,1.7
200,21,0,2,1,1,0.4
200,21,0,2,1,0,0.4
200,21,2,0,1,1,-0.1
200,21,2,0,1,0,2.2
201,21,1,0,1,0,37234
201,21,1,0,1,1,38386
201,21,0,1,1,1,2.1
201,21,0,1,1,0,2.1
201,21,0,2,1,1,0.6
201,21,0,2,1,0,0.6
201,21,2,0,1,1,0.4
201,21,2,0,1,0,-7.9
202,21,1,0,1,0,38425
202,21,1,0,1,1,38120
202,21,0,1,1,1,1.7
202,21,0,1,1,0,1.7
202,21,0,2,1,1,0.8
202,21,0,2,1,0,0.8
202,21,2,0,1,1,-0.7
202,21,2,0,1,0,3.2
203,21,1,0,1,0,36307
203,21,1,0,1,1,38018
203,21,0,1,1,1,1.8
203,21,0,1,1,0,1.8
203,21,0,2,1,1,0.3
203,21,0,2,1,0,0.3
203,21,2,0,1,1,-0.3
203,21,2,0,1,0,-5.5
204,21,1,0,1,0,37723
204,21,1,0,1,1,38066
204,21,0,1,1,1,1.9
204,21,0,1,1,0,1.9
204,21,0,2,1,1,0.5
204,21,0,2,1,0,0.5
204,21,2,0,1,1,0.1
204,21,2,0,1,0,3.9
205,21,1,0,1,0,36190
205,21,1,0,1,1,38256
205,21,0,1,1,1,2
205,21,0,1,1,0,2
205,21,0,2,1,1,0.7
205,21,0,2,1,0,0.7
205,21,2,0,1,1,0.5
205,21,2,0,1,0,-4.1
206,21,1,0,1,0,34947
206,21,1,0,1,1,37945
206,21,0,1,1,1,1.9
206,21,0,1,1,0,1.9
206,21,0,2,1,1,0.4
206,21,0,2,1,0,0.4
206,21,2,0,1,1,-0.8
206,21,2,0,1,0,-3.4
207,21,1,0,1,0,38458
207,21,1,0,1,1,37447
207,21,0,1,1,1,1.9
207,21,0,1,1,0,1.9
207,21,0,2,1,1,0.5
207,21,0,2,1,0,0.5
207,21,2,0,1,1,-1.3
207,21,2,0,1,0,10
208,21,1,0,1,0,37813
208,21,1,0,1,1,37738
208,21,0,1,1,1,1.9
208,21,0,1,1,0,1.9
208,21,0,2,1,1,0.4
208,21,0,2,1,0,0.4
208,21,2,0,1,1,0.8
208,21,2,0,1,0,-1.7
209,21,1,0,1,0,40247
209,21,1,0,1,1,37755
209,21,0,1,1,1,2.1
209,21,0,1,1,0,2.1
209,21,0,2,1,1,0.4
209,21,0,2,1,0,0.4
209,21,2,0,1,1,0
209,21,2,0,1,0,6.4
210,21,1,0,1,0,38355
210,21,1,0,1,1,37714
210,21,0,1,1,1,1.9
210,21,0,1,1,0,1.9
210,21,0,2,1,1,0.4
210,21,0,2,1,0,0.4
210,21,2,0,1,1,-0.1
210,21,2,0,1,0,-4.7
211,21,1,0,1,0,39224
211,21,1,0,1,1,37715
211,21,0,1,1,1,2
211,21,0,1,1,0,2
211,21,0,2,1,1,0.4
211,21,0,2,1,0,0.4
211,21,2,0,1,1,0
211,21,2,0,1,0,2.3
212,21,1,0,1,0,38887
212,21,1,0,1,1,37645
212,21,0,1,1,1,2
212,21,0,1,1,0,2
212,21,0,2,1,1,0.4
212,21,0,2,1,0,0.4
212,21,2,0,1,1,-0.2
212,21,2,0,1,0,-0.9
213,21,1,0,1,0,36575
213,21,1,0,1,1,37474
213,21,0,1,1,1,1.7
213,21,0,1,1,0,1.7
213,21,0,2,1,1,0.7
213,21,0,2,1,0,0.7
213,21,2,0,1,1,-0.5
213,21,2,0,1,0,-5.9
214,21,1,0,1,0,38250
214,21,1,0,1,1,37500
214,21,0,1,1,1,1.8
214,21,0,1,1,0,1.8
214,21,0,2,1,1,0.4
214,21,0,2,1,0,0.4
214,21,2,0,1,1,0.1
214,21,2,0,1,0,4.6
215,21,1,0,1,0,35513
215,21,1,0,1,1,37700
215,21,0,1,1,1,1.8
215,21,0,1,1,0,1.8
215,21,0,2,1,1,0.5
215,21,0,2,1,0,0.5
215,21,2,0,1,1,0.5
215,21,2,0,1,0,-7.2
216,21,1,0,1,0,37546
216,21,1,0,1,1,37659
216,21,0,1,1,1,1.7
216,21,0,1,1,0,1.7
216,21,0,2,1,1,0.6
216,21,0,2,1,0,0.6
216,21,2,0,1,1,-0.1
216,21,2,0,1,0,5.7
217,21,1,0,1,0,35513
217,21,1,0,1,1,37660
217,21,0,1,1,1,2
217,21,0,1,1,0,2
217,21,0,2,1,1,0.7
217,21,0,2,1,0,0.7
217,21,2,0,1,1,0
217,21,2,0,1,0,-5.4
218,21,1,0,1,0,35359
218,21,1,0,1,1,38267
218,21,0,1,1,1,2
218,21,0,1,1,0,2
218,21,0,2,1,1,0.5
218,21,0,2,1,0,0.5
218,21,2,0,1,1,1.6
218,21,2,0,1,0,-0.4
219,21,1,0,1,0,39374
219,21,1,0,1,1,38339
219,21,0,1,1,1,1.6
219,21,0,1,1,0,1.6
219,21,0,2,1,1,0.8
219,21,0,2,1,0,0.8
219,21,2,0,1,1,0.2
219,21,2,0,1,0,11.4
220,21,1,0,1,0,39393
220,21,1,0,1,1,38658
220,21,0,1,1,1,1.5
220,21,0,1,1,0,1.5
220,21,0,2,1,1,0.5
220,21,0,2,1,0,0.5
220,21,2,0,1,1,0.8
220,21,2,0,1,0,0
221,21,1,0,1,0,40785
221,21,1,0,1,1,38659
221,21,0,1,1,1,1.4
221,21,0,1,1,0,1.4
221,21,0,2,1,1,0.4
221,21,0,2,1,0,0.4
221,21,2,0,1,1,0
221,21,2,0,1,0,3.5
222,21,1,0,1,0,39421
222,21,1,0,1,1,38877
222,21,0,1,1,1,1.5
222,21,0,1,1,0,1.5
222,21,0,2,1,1,0.5
222,21,0,2,1,0,0.5
222,21,2,0,1,1,0.6
222,21,2,0,1,0,-3.3
223,21,1,0,1,0,41024
223,21,1,0,1,1,39033
223,21,0,1,1,1,1.6
223,21,0,1,1,0,1.6
223,21,0,2,1,1,0.4
223,21,0,2,1,0,0.4
223,21,2,0,1,1,0.4
223,21,2,0,1,0,4.1
224,21,1,0,1,0,40308
224,21,1,0,1,1,39402
224,21,0,1,1,1,1.6
224,21,0,1,1,0,1.6
224,21,0,2,1,1,0.4
224,21,0,2,1,0,0.4
224,21,2,0,1,1,0.9
224,21,2,0,1,0,-1.7
225,21,1,0,1,0,38361
225,21,1,0,1,1,39385
225,21,0,1,1,1,1.6
225,21,0,1,1,0,1.6
225,21,0,2,1,1,0.5
225,21,0,2,1,0,0.5
225,21,2,0,1,1,0
225,21,2,0,1,0,-4.8
226,21,1,0,1,0,40150
226,21,1,0,1,1,39479
226,21,0,1,1,1,1.9
226,21,0,1,1,0,1.9
226,21,0,2,1,1,0.6
226,21,0,2,1,0,0.6
226,21,2,0,1,1,0.2
226,21,2,0,1,0,4.7
227,21,1,0,1,0,37447
227,21,1,0,1,1,39710
227,21,0,1,1,1,1.9
227,21,0,1,1,0,1.9
227,21,0,2,1,1,0.3
227,21,0,2,1,0,0.3
227,21,2,0,1,1,0.6
227,21,2,0,1,0,-6.7
228,21,1,0,1,0,39785
228,21,1,0,1,1,39508
228,21,0,1,1,1,2
228,21,0,1,1,0,2
228,21,0,2,1,1,0.4
228,21,0,2,1,0,0.4
228,21,2,0,1,1,-0.5
228,21,2,0,1,0,6.2
229,21,1,0,1,0,36961
229,21,1,0,1,1,39658
229,21,0,1,1,1,2.3
229,21,0,1,1,0,2.3
229,21,0,2,1,1,0.5
229,21,0,2,1,0,0.5
229,21,2,0,1,1,0.4
229,21,2,0,1,0,-7.1
230,21,1,0,1,0,37394
230,21,1,0,1,1,40382
230,21,0,1,1,1,2.1
230,21,0,1,1,0,2.1
230,21,0,2,1,1,0.5
230,21,0,2,1,0,0.5
230,21,2,0,1,1,1.8
230,21,2,0,1,0,1.2
231,21,1,0,1,0,42036
231,21,1,0,1,1,40536
231,21,0,1,1,1,1.8
231,21,0,1,1,0,1.8
231,21,0,2,1,1,0.6
231,21,0,2,1,0,0.6
231,21,2,0,1,1,0.4
231,21,2,0,1,0,12.4
232,21,1,0,1,0,41761
232,21,1,0,1,1,40624
232,21,0,1,1,1,1.8
232,21,0,1,1,0,1.8
232,21,0,2,1,1,0.5
232,21,0,2,1,0,0.5
232,21,2,0,1,1,0.2
232,21,2,0,1,0,-0.7
233,21,1,0,1,0,43020
233,21,1,0,1,1,41050
233,21,0,1,1,1,1.9
233,21,0,1,1,0,1.9
233,21,0,2,1,1,0.5
233,21,0,2,1,0,0.5
233,21,2,0,1,1,1
233,21,2,0,1,0,3
234,21,1,0,1,0,42080
234,21,1,0,1,1,41540
234,21,0,1,1,1,1.9
234,21,0,1,1,0,1.9
234,21,0,2,1,1,0.4
234,21,0,2,1,0,0.4
234,21,2,0,1,1,1.2
234,21,2,0,1,0,-2.2
235,21,1,0,1,0,43301
235,21,1,0,1,1,41516
235,21,0,1,1,1,1.9
235,21,0,1,1,0,1.9
235,21,0,2,1,1,0.3
235,21,0,2,1,0,0.3
235,21,2,0,1,1,-0.1
235,21,2,0,1,0,2.9
236,21,1,0,1,0,42385
236,21,1,0,1,1,41718
236,21,0,1,1,1,2
236,21,0,1,1,0,2
236,21,0,2,1,1,0.3
236,21,0,2,1,0,0.3
236,21,2,0,1,1,0.5
236,21,2,0,1,0,-2.1
237,21,1,0,1,0,41383
237,21,1,0,1,1,42013
237,21,0,1,1,1,1.8
237,21,0,1,1,0,1.8
237,21,0,2,1,1,0.4
237,21,0,2,1,0,0.4
237,21,2,0,1,1,0.7
237,21,2,0,1,0,-2.4
238,21,1,0,1,0,42415
238,21,1,0,1,1,42204
238,21,0,1,1,1,1.9
238,21,0,1,1,0,1.9
238,21,0,2,1,1,0.3
238,21,0,2,1,0,0.3
238,21,2,0,1,1,0.5
238,21,2,0,1,0,2.5
239,21,1,0,1,0,39703
239,21,1,0,1,1,42237
239,21,0,1,1,1,1.9
239,21,0,1,1,0,1.9
239,21,0,2,1,1,0.4
239,21,0,2,1,0,0.4
239,21,2,0,1,1,0.1
239,21,2,0,1,0,-6.4
240,21,1,0,1,0,42911
240,21,1,0,1,1,41864
240,21,0,1,1,1,1.9
240,21,0,1,1,0,1.9
240,21,0,2,1,1,0.5
240,21,0,2,1,0,0.5
240,21,2,0,1,1,-0.9
240,21,2,0,1,0,8.1
241,21,1,0,1,0,39644
241,21,1,0,1,1,42766
241,21,0,1,1,1,2
241,21,0,1,1,0,2
241,21,0,2,1,1,0.5
241,21,0,2,1,0,0.5
241,21,2,0,1,1,2.2
241,21,2,0,1,0,-7.6
242,21,1,0,1,0,40931
242,21,1,0,1,1,42995
242,21,0,1,1,1,2
242,21,0,1,1,0,2
242,21,0,2,1,1,0.4
242,21,0,2,1,0,0.4
242,21,2,0,1,1,0.5
242,21,2,0,1,0,3.2
243,21,1,0,1,0,45647
243,21,1,0,1,1,42942
243,21,0,1,1,1,1.9
243,21,0,1,1,0,1.9
243,21,0,2,1,1,0.4
243,21,0,2,1,0,0.4
243,21,2,0,1,1,-0.1
243,21,2,0,1,0,11.5
244,21,1,0,1,0,43755
244,21,1,0,1,1,43365
244,21,0,1,1,1,1.9
244,21,0,1,1,0,1.9
244,21,0,2,1,1,0.4
244,21,0,2,1,0,0.4
244,21,2,0,1,1,1
244,21,2,0,1,0,-4.1
245,21,1,0,1,0,45479
245,21,1,0,1,1,43313
245,21,0,1,1,1,1.8
245,21,0,1,1,0,1.8
245,21,0,2,1,1,0.4
245,21,0,2,1,0,0.4
245,21,2,0,1,1,-0.1
245,21,2,0,1,0,3.9
246,21,1,0,1,0,44892
246,21,1,0,1,1,43584
246,21,0,1,1,1,1.9
246,21,0,1,1,0,1.9
246,21,0,2,1,1,0.4
246,21,0,2,1,0,0.4
246,21,2,0,1,1,0.6
246,21,2,0,1,0,-1.3
247,21,1,0,1,0,44506
247,21,1,0,1,1,43676
247,21,0,1,1,1,2.1
247,21,0,1,1,0,2.1
247,21,0,2,1,1,0.4
247,21,0,2,1,0,0.4
247,21,2,0,1,1,0.2
247,21,2,0,1,0,-0.9
248,21,1,0,1,0,44936
248,21,1,0,1,1,43755
248,21,0,1,1,1,2.1
248,21,0,1,1,0,2.1
248,21,0,2,1,1,0.3
248,21,0,2,1,0,0.3
248,21,2,0,1,1,0.2
248,21,2,0,1,0,1
249,21,1,0,1,0,43027
249,21,1,0,1,1,44085
249,21,0,1,1,1,2
249,21,0,1,1,0,2
249,21,0,2,1,1,0.5
249,21,0,2,1,0,0.5
249,21,2,0,1,1,0.8
249,21,2,0,1,0,-4.2
250,21,1,0,1,0,43577
250,21,1,0,1,1,43796
250,21,0,1,1,1,2.2
250,21,0,1,1,0,2.2
250,21,0,2,1,1,0.5
250,21,0,2,1,0,0.5
250,21,2,0,1,1,-0.7
250,21,2,0,1,0,1.3
251,21,1,0,1,0,42472
251,21,1,0,1,1,44567
251,21,0,1,1,1,2.3
251,21,0,1,1,0,2.3
251,21,0,2,1,1,0.3
251,21,0,2,1,0,0.3
251,21,2,0,1,1,1.8
251,21,2,0,1,0,-2.5
252,21,1,0,1,0,45295
252,21,1,0,1,1,44494
252,21,0,1,1,1,2.4
252,21,0,1,1,0,2.4
252,21,0,2,1,1,0.3
252,21,0,2,1,0,0.3
252,21,2,0,1,1,-0.2
252,21,2,0,1,0,6.6
253,21,1,0,1,0,41798
253,21,1,0,1,1,45138
253,21,0,1,1,1,2.8
253,21,0,1,1,0,2.8
253,21,0,2,1,1,0.7
253,21,0,2,1,0,0.7
253,21,2,0,1,1,1.4
253,21,2,0,1,0,-7.7
254,21,1,0,1,0,41496
254,21,1,0,1,1,44861
254,21,0,1,1,1,2.8
254,21,0,1,1,0,2.8
254,21,0,2,1,1,0.3
254,21,0,2,1,0,0.3
254,21,2,0,1,1,-0.6
254,21,2,0,1,0,-0.7
255,21,1,0,1,0,47564
255,21,1,0,1,1,45042
255,21,0,1,1,1,1.4
255,21,0,1,1,0,1.4
255,21,0,2,1,1,0.4
255,21,0,2,1,0,0.4
255,21,2,0,1,1,0.4
255,21,2,0,1,0,14.6
256,21,1,0,1,0,45560
256,21,1,0,1,1,44711
256,21,0,1,1,1,2
256,21,0,1,1,0,2
256,21,0,2,1,1,1.3
256,21,0,2,1,0,1.3
256,21,2,0,1,1,-0.7
256,21,2,0,1,0,-4.2
257,21,1,0,1,0,47488
257,21,1,0,1,1,44800
257,21,0,1,1,1,1.9
257,21,0,1,1,0,1.9
257,21,0,2,1,1,1.4
257,21,0,2,1,0,1.4
257,21,2,0,1,1,0.2
257,21,2,0,1,0,4.2
258,21,1,0,1,0,45440
258,21,1,0,1,1,44680
258,21,0,1,1,1,2.1
258,21,0,1,1,0,2.1
258,21,0,2,1,1,0.4
258,21,0,2,1,0,0.4
258,21,2,0,1,1,-0.3
258,21,2,0,1,0,-4.3
259,21,1,0,1,0,45482
259,21,1,0,1,1,45032
259,21,0,1,1,1,2.2
259,21,0,1,1,0,2.2
259,21,0,2,1,1,0.3
259,21,0,2,1,0,0.3
259,21,2,0,1,1,0.8
259,21,2,0,1,0,0.1
260,21,1,0,1,0,46893
260,21,1,0,1,1,45133
260,21,0,1,1,1,2.1
260,21,0,1,1,0,2.1
260,21,0,2,1,1,0.4
260,21,0,2,1,0,0.4
260,21,2,0,1,1,0.2
260,21,2,0,1,0,3.1
261,21,1,0,1,0,43653
261,21,1,0,1,1,45330
261,21,0,1,1,1,1.8
261,21,0,1,1,0,1.8
261,21,0,2,1,1,0.7
261,21,0,2,1,0,0.7
261,21,2,0,1,1,0.4
261,21,2,0,1,0,-6.9
262,21,1,0,1,0,46062
262,21,1,0,1,1,45924
262,21,0,1,1,1,1.8
262,21,0,1,1,0,1.8
262,21,0,2,1,1,0.5
262,21,0,2,1,0,0.5
262,21,2,0,1,1,1.3
262,21,2,0,1,0,5.5
263,21,1,0,1,0,45288
263,21,1,0,1,1,46737
263,21,0,1,1,1,1.9
263,21,0,1,1,0,1.9
263,21,0,2,1,1,0.4
263,21,0,2,1,0,0.4
263,21,2,0,1,1,1.8
263,21,2,0,1,0,-1.7
264,21,1,0,1,0,46589
264,21,1,0,1,1,46311
264,21,0,1,1,1,2.2
264,21,0,1,1,0,2.2
264,21,0,2,1,1,0.5
264,21,0,2,1,0,0.5
264,21,2,0,1,1,-0.9
264,21,2,0,1,0,2.9
265,21,1,0,1,0,42932
265,21,1,0,1,1,45917
265,21,0,1,1,1,2
265,21,0,1,1,0,2
265,21,0,2,1,1,0.6
265,21,0,2,1,0,0.6
265,21,2,0,1,1,-0.9
265,21,2,0,1,0,-7.8
266,21,1,0,1,0,42890
266,21,1,0,1,1,46418
266,21,0,1,1,1,2.1
266,21,0,1,1,0,2.1
266,21,0,2,1,1,1.4
266,21,0,2,1,0,1.4
266,21,2,0,1,1,1.1
266,21,2,0,1,0,-0.1
267,21,1,0,1,0,49410
267,21,1,0,1,1,47057
267,21,0,1,1,1,2.2
267,21,0,1,1,0,2.2
267,21,0,2,1,1,0.4
267,21,0,2,1,0,0.4
267,21,2,0,1,1,1.4
267,21,2,0,1,0,15.2
268,21,1,0,1,0,47708
268,21,1,0,1,1,47142
268,21,0,1,1,1,1.8
268,21,0,1,1,0,1.8
268,21,0,2,1,1,0.7
268,21,0,2,1,0,0.7
268,21,2,0,1,1,0.2
268,21,2,0,1,0,-3.4
269,21,1,0,1,0,51054
269,21,1,0,1,1,47536
269,21,0,1,1,1,2
269,21,0,1,1,0,2
269,21,0,2,1,1,0.5
269,21,0,2,1,0,0.5
269,21,2,0,1,1,0.8
269,21,2,0,1,0,7
270,21,1,0,1,0,47895
270,21,1,0,1,1,47704
270,21,0,1,1,1,2
270,21,0,1,1,0,2
270,21,0,2,1,1,0.3
270,21,0,2,1,0,0.3
270,21,2,0,1,1,0.4
270,21,2,0,1,0,-6.2
271,21,1,0,1,0,48690
271,21,1,0,1,1,48065
271,21,0,1,1,1,2.1
271,21,0,1,1,0,2.1
271,21,0,2,1,1,0.3
271,21,0,2,1,0,0.3
271,21,2,0,1,1,0.8
271,21,2,0,1,0,1.7
272,21,1,0,1,0,50086
272,21,1,0,1,1,48346
272,21,0,1,1,1,2.3
272,21,0,1,1,0,2.3
272,21,0,2,1,1,0.5
272,21,0,2,1,0,0.5
272,21,2,0,1,1,0.6
272,21,2,0,1,0,2.9
273,21,1,0,1,0,47070
273,21,1,0,1,1,48929
273,21,0,1,1,1,2.3
273,21,0,1,1,0,2.3
273,21,0,2,1,1,0.4
273,21,0,2,1,0,0.4
273,21,2,0,1,1,1.2
273,21,2,0,1,0,-6
274,21,1,0,1,0,50135
274,21,1,0,1,1,49541
274,21,0,1,1,1,2.3
274,21,0,1,1,0,2.3
274,21,0,2,1,1,0.4
274,21,0,2,1,0,0.4
274,21,2,0,1,1,1.3
274,21,2,0,1,0,6.5
275,21,1,0,1,0,47614
275,21,1,0,1,1,49598
275,21,0,1,1,1,2.2
275,21,0,1,1,0,2.2
275,21,0,2,1,1,0.3
275,21,0,2,1,0,0.3
275,21,2,0,1,1,0.1
275,21,2,0,1,0,-5
276,21,1,0,1,0,50732
276,21,1,0,1,1,50379
276,21,0,1,1,1,2.6
276,21,0,1,1,0,2.6
276,21,0,2,1,1,0.8
276,21,0,2,1,0,0.8
276,21,2,0,1,1,1.6
276,21,2,0,1,0,6.5
277,21,1,0,1,0,47960
277,21,1,0,1,1,50644
277,21,0,1,1,1,2.5
277,21,0,1,1,0,2.5
277,21,0,2,1,1,0.6
277,21,0,2,1,0,0.6
277,21,2,0,1,1,0.5
277,21,2,0,1,0,-5.5
278,21,1,0,1,0,46604
278,21,1,0,1,1,50547
278,21,0,1,1,1,2.2
278,21,0,1,1,0,2.2
278,21,0,2,1,1,0.8
278,21,0,2,1,0,0.8
278,21,2,0,1,1,-0.2
278,21,2,0,1,0,-2.8
279,21,1,0,1,0,53122
279,21,1,0,1,1,50932
279,21,0,1,1,1,2.1
279,21,0,1,1,0,2.1
279,21,0,2,1,1,0.4
279,21,0,2,1,0,0.4
279,21,2,0,1,1,0.8
279,21,2,0,1,0,14
280,21,1,0,1,0,52285
280,21,1,0,1,1,51614
280,21,0,1,1,1,1.7
280,21,0,1,1,0,1.7
280,21,0,2,1,1,0.8
280,21,0,2,1,0,0.8
280,21,2,0,1,1,1.3
280,21,2,0,1,0,-1.6
281,21,1,0,1,0,55409
281,21,1,0,1,1,51688
281,21,0,1,1,1,1.7
281,21,0,1,1,0,1.7
281,21,0,2,1,1,0.5
281,21,0,2,1,0,0.5
281,21,2,0,1,1,0.1
281,21,2,0,1,0,6
282,21,1,0,1,0,52042
282,21,1,0,1,1,51783
282,21,0,1,1,1,1.5
282,21,0,1,1,0,1.5
282,21,0,2,1,1,0.4
282,21,0,2,1,0,0.4
282,21,2,0,1,1,0.2
282,21,2,0,1,0,-6.1
283,21,1,0,1,0,53140
283,21,1,0,1,1,52047
283,21,0,1,1,1,1.6
283,21,0,1,1,0,1.6
283,21,0,2,1,1,0.4
283,21,0,2,1,0,0.4
283,21,2,0,1,1,0.5
283,21,2,0,1,0,2.1
284,21,1,0,1,0,53176
284,21,1,0,1,1,52390
284,21,0,1,1,1,1.6
284,21,0,1,1,0,1.6
284,21,0,2,1,1,0.4
284,21,0,2,1,0,0.4
284,21,2,0,1,1,0.7
284,21,2,0,1,0,0.1
285,21,1,0,1,0,50762
285,21,1,0,1,1,52386
285,21,0,1,1,1,1.6
285,21,0,1,1,0,1.6
285,21,0,2,1,1,0.4
285,21,0,2,1,0,0.4
285,21,2,0,1,1,0
285,21,2,0,1,0,-4.5
286,21,1,0,1,0,54048
286,21,1,0,1,1,52781
286,21,0,1,1,1,1.6
286,21,0,1,1,0,1.6
286,21,0,2,1,1,0.4
286,21,0,2,1,0,0.4
286,21,2,0,1,1,0.8
286,21,2,0,1,0,6.5
287,21,1,0,1,0,50283
287,21,1,0,1,1,52985
287,21,0,1,1,1,1.6
287,21,0,1,1,0,1.6
287,21,0,2,1,1,0.3
287,21,0,2,1,0,0.3
287,21,2,0,1,1,0.4
287,21,2,0,1,0,-7
288,21,1,0,1,0,54663
288,21,1,0,1,1,53855
288,21,0,1,1,1,2.2
288,21,0,1,1,0,2.2
288,21,0,2,1,1,1.1
288,21,0,2,1,0,1.1
288,21,2,0,1,1,1.6
288,21,2,0,1,0,8.7
289,21,1,0,1,0,50087
289,21,1,0,1,1,53115
289,21,0,1,1,1,2.2
289,21,0,1,1,0,2.2
289,21,0,2,1,1,0.6
289,21,0,2,1,0,0.6
289,21,2,0,1,1,-1.4
289,21,2,0,1,0,-8.4
290,21,1,0,1,0,51495
290,21,1,0,1,1,54262
290,21,0,1,1,1,2.1
290,21,0,1,1,0,2.1
290,21,0,2,1,1,0.3
290,21,0,2,1,0,0.3
290,21,2,0,1,1,2.2
290,21,2,0,1,0,2.8
291,21,1,0,1,0,55878
291,21,1,0,1,1,53936
291,21,0,1,1,1,2
291,21,0,1,1,0,2
291,21,0,2,1,1,0.4
291,21,0,2,1,0,0.4
291,21,2,0,1,1,-0.6
291,21,2,0,1,0,8.5
292,21,1,0,1,0,56336
292,21,1,0,1,1,54221
292,21,0,1,1,1,2
292,21,0,1,1,0,2
292,21,0,2,1,1,0.3
292,21,0,2,1,0,0.3
292,21,2,0,1,1,0.5
292,21,2,0,1,0,0.8
293,21,1,0,1,0,57015
293,21,1,0,1,1,54248
293,21,0,1,1,1,2.1
293,21,0,1,1,0,2.1
293,21,0,2,1,1,0.3
293,21,0,2,1,0,0.3
293,21,2,0,1,1,0
293,21,2,0,1,0,1.2
294,21,1,0,1,0,54609
294,21,1,0,1,1,54229
294,21,0,1,1,1,2
294,21,0,1,1,0,2
294,21,0,2,1,1,0.3
294,21,0,2,1,0,0.3
294,21,2,0,1,1,0
294,21,2,0,1,0,-4.2
295,21,1,0,1,0,56000
295,21,1,0,1,1,54264
295,21,0,1,1,1,2
295,21,0,1,1,0,2
295,21,0,2,1,1,0.4
295,21,0,2,1,0,0.4
295,21,2,0,1,1,0.1
295,21,2,0,1,0,2.5
296,21,1,0,1,0,55169
296,21,1,0,1,1,54677
296,21,0,1,1,1,1.9
296,21,0,1,1,0,1.9
296,21,0,2,1,1,0.6
296,21,0,2,1,0,0.6
296,21,2,0,1,1,0.8
296,21,2,0,1,0,-1.5
297,21,1,0,1,0,54270
297,21,1,0,1,1,55265
297,21,0,1,1,1,1.9
297,21,0,1,1,0,1.9
297,21,0,2,1,1,0.5
297,21,0,2,1,0,0.5
297,21,2,0,1,1,1.1
297,21,2,0,1,0,-1.6
298,21,1,0,1,0,55691
298,21,1,0,1,1,55249
298,21,0,1,1,1,1.8
298,21,0,1,1,0,1.8
298,21,0,2,1,1,0.4
298,21,0,2,1,0,0.4
298,21,2,0,1,1,0
298,21,2,0,1,0,2.6
299,21,1,0,1,0,53253
299,21,1,0,1,1,56233
299,21,0,1,1,1,1.8
299,21,0,1,1,0,1.8
299,21,0,2,1,1,0.4
299,21,0,2,1,0,0.4
299,21,2,0,1,1,1.8
299,21,2,0,1,0,-4.4
300,21,1,0,1,0,57425
300,21,1,0,1,1,55323
300,21,0,1,1,1,2.2
300,21,0,1,1,0,2.2
300,21,0,2,1,1,0.9
300,21,0,2,1,0,0.9
300,21,2,0,1,1,-1.6
300,21,2,0,1,0,7.8
301,21,1,0,1,0,52825
301,21,1,0,1,1,57232
301,21,0,1,1,1,2.2
301,21,0,1,1,0,2.2
301,21,0,2,1,1,0.7
301,21,0,2,1,0,0.7
301,21,2,0,1,1,3.5
301,21,2,0,1,0,-8
302,21,1,0,1,0,52655
302,21,1,0,1,1,57358
302,21,0,1,1,1,2.1
302,21,0,1,1,0,2.1
302,21,0,2,1,1,0.3
302,21,0,2,1,0,0.3
302,21,2,0,1,1,0.2
302,21,2,0,1,0,-0.3
303,21,1,0,1,0,60033
303,21,1,0,1,1,57229
303,21,0,1,1,1,2.1
303,21,0,1,1,0,2.1
303,21,0,2,1,1,0.5
303,21,0,2,1,0,0.5
303,21,2,0,1,1,-0.2
303,21,2,0,1,0,14
304,21,1,0,1,0,58472
304,21,1,0,1,1,57325
304,21,0,1,1,1,2.1
304,21,0,1,1,0,2.1
304,21,0,2,1,1,0.2
304,21,0,2,1,0,0.2
304,21,2,0,1,1,0.2
304,21,2,0,1,0,-2.6
305,21,1,0,1,0,60059
305,21,1,0,1,1,57363
305,21,0,1,1,1,1.9
305,21,0,1,1,0,1.9
305,21,0,2,1,1,0.4
305,21,0,2,1,0,0.4
305,21,2,0,1,1,0.1
305,21,2,0,1,0,2.7
306,21,1,0,1,0,58588
306,21,1,0,1,1,57159
306,21,0,1,1,1,2.1
306,21,0,1,1,0,2.1
306,21,0,2,1,1,0.3
306,21,0,2,1,0,0.3
306,21,2,0,1,1,-0.4
306,21,2,0,1,0,-2.4
307,21,1,0,1,0,58451
307,21,1,0,1,1,57137
307,21,0,1,1,1,2
307,21,0,1,1,0,2
307,21,0,2,1,1,0.3
307,21,0,2,1,0,0.3
307,21,2,0,1,1,0
307,21,2,0,1,0,-0.2
308,21,1,0,1,0,58507
308,21,1,0,1,1,57472
308,21,0,1,1,1,2
308,21,0,1,1,0,2
308,21,0,2,1,1,0.4
308,21,0,2,1,0,0.4
308,21,2,0,1,1,0.6
308,21,2,0,1,0,0.1
309,21,1,0,1,0,57086
309,21,1,0,1,1,57838
309,21,0,1,1,1,1.9
309,21,0,1,1,0,1.9
309,21,0,2,1,1,0.4
309,21,0,2,1,0,0.4
309,21,2,0,1,1,0.6
309,21,2,0,1,0,-2.4
310,21,1,0,1,0,58164
310,21,1,0,1,1,58106
310,21,0,1,1,1,1.7
310,21,0,1,1,0,1.7
310,21,0,2,1,1,0.4
310,21,0,2,1,0,0.4
310,21,2,0,1,1,0.5
310,21,2,0,1,0,1.9
311,21,1,0,1,0,55690
311,21,1,0,1,1,58807
311,21,0,1,1,1,1.7
311,21,0,1,1,0,1.7
311,21,0,2,1,1,0.3
311,21,0,2,1,0,0.3
311,21,2,0,1,1,1.2
311,21,2,0,1,0,-4.3
312,21,1,0,1,0,61129
312,21,1,0,1,1,59119
312,21,0,1,1,1,2
312,21,0,1,1,0,2
312,21,0,2,1,1,0.8
312,21,0,2,1,0,0.8
312,21,2,0,1,1,0.5
312,21,2,0,1,0,9.8
313,21,1,0,1,0,54531
313,21,1,0,1,1,59402
313,21,0,1,1,1,2.3
313,21,0,1,1,0,2.3
313,21,0,2,1,1,0.8
313,21,0,2,1,0,0.8
313,21,2,0,1,1,0.5
313,21,2,0,1,0,-10.8
314,21,1,0,1,0,54760
314,21,1,0,1,1,59782
314,21,0,1,1,1,2
314,21,0,1,1,0,2
314,21,0,2,1,1,0.5
314,21,0,2,1,0,0.5
314,21,2,0,1,1,0.6
314,21,2,0,1,0,0.4
315,21,1,0,1,0,63490
315,21,1,0,1,1,60237
315,21,0,1,1,1,2.5
315,21,0,1,1,0,2.5
315,21,0,2,1,1,0.3
315,21,0,2,1,0,0.3
315,21,2,0,1,1,0.8
315,21,2,0,1,0,15.9
316,21,1,0,1,0,60259
316,21,1,0,1,1,59544
316,21,0,1,1,1,2.7
316,21,0,1,1,0,2.7
316,21,0,2,1,1,0.5
316,21,0,2,1,0,0.5
316,21,2,0,1,1,-1.2
316,21,2,0,1,0,-5.1
317,21,1,0,1,0,64038
317,21,1,0,1,1,60815
317,21,0,1,1,1,2.9
317,21,0,1,1,0,2.9
317,21,0,2,1,1,0.4
317,21,0,2,1,0,0.4
317,21,2,0,1,1,2.1
317,21,2,0,1,0,6.3
318,21,1,0,1,0,63572
318,21,1,0,1,1,61482
318,21,0,1,1,1,2.9
318,21,0,1,1,0,2.9
318,21,0,2,1,1,0.4
318,21,0,2,1,0,0.4
318,21,2,0,1,1,1.1
318,21,2,0,1,0,-0.7
319,21,1,0,1,0,63539
319,21,1,0,1,1,62293
319,21,0,1,1,1,2.9
319,21,0,1,1,0,2.9
319,21,0,2,1,1,0.6
319,21,0,2,1,0,0.6
319,21,2,0,1,1,1.3
319,21,2,0,1,0,-0.1
320,21,1,0,1,0,64576
320,21,1,0,1,1,62634
320,21,0,1,1,1,3
320,21,0,1,1,0,3
320,21,0,2,1,1,0.4
320,21,0,2,1,0,0.4
320,21,2,0,1,1,0.5
320,21,2,0,1,0,1.6
321,21,1,0,1,0,59966
321,21,1,0,1,1,61378
321,21,0,1,1,1,3.2
321,21,0,1,1,0,3.2
321,21,0,2,1,1,0.6
321,21,0,2,1,0,0.6
321,21,2,0,1,1,-2
321,21,2,0,1,0,-7.1
322,21,1,0,1,0,61613
322,21,1,0,1,1,61798
322,21,0,1,1,1,3.6
322,21,0,1,1,0,3.6
322,21,0,2,1,1,0.5
322,21,0,2,1,0,0.5
322,21,2,0,1,1,0.7
322,21,2,0,1,0,2.7
323,21,1,0,1,0,58991
323,21,1,0,1,1,61577
323,21,0,1,1,1,3.6
323,21,0,1,1,0,3.6
323,21,0,2,1,1,0.3
323,21,0,2,1,0,0.3
323,21,2,0,1,1,-0.4
323,21,2,0,1,0,-4.3
324,21,1,0,1,0,62820
324,21,1,0,1,1,61588
324,21,0,1,1,1,3.6
324,21,0,1,1,0,3.6
324,21,0,2,1,1,0.4
324,21,0,2,1,0,0.4
324,21,2,0,1,1,0
324,21,2,0,1,0,6.5
325,21,1,0,1,0,56748
325,21,1,0,1,1,61616
325,21,0,1,1,1,4
325,21,0,1,1,0,4
325,21,0,2,1,1,0.5
325,21,0,2,1,0,0.5
325,21,2,0,1,1,0
325,21,2,0,1,0,-9.7
326,21,1,0,1,0,56868
326,21,1,0,1,1,62219
326,21,0,1,1,1,3.8
326,21,0,1,1,0,3.8
326,21,0,2,1,1,0.5
326,21,0,2,1,0,0.5
326,21,2,0,1,1,1
326,21,2,0,1,0,0.2
327,21,1,0,1,0,66187
327,21,1,0,1,1,62677
327,21,0,1,1,1,3.9
327,21,0,1,1,0,3.9
327,21,0,2,1,1,0.3
327,21,0,2,1,0,0.3
327,21,2,0,1,1,0.7
327,21,2,0,1,0,16.4
328,21,1,0,1,0,63454
328,21,1,0,1,1,63076
328,21,0,1,1,1,2.7
328,21,0,1,1,0,2.7
328,21,0,2,1,1,1.7
328,21,0,2,1,0,1.7
328,21,2,0,1,1,0.6
328,21,2,0,1,0,-4.1
329,21,1,0,1,0,67664
329,21,1,0,1,1,63714
329,21,0,1,1,1,2.7
329,21,0,1,1,0,2.7
329,21,0,2,1,1,0.3
329,21,0,2,1,0,0.3
329,21,2,0,1,1,1
329,21,2,0,1,0,6.6
330,21,1,0,1,0,66031
330,21,1,0,1,1,64358
330,21,0,1,1,1,2.6
330,21,0,1,1,0,2.6
330,21,0,2,1,1,0.5
330,21,0,2,1,0,0.5
330,21,2,0,1,1,1
330,21,2,0,1,0,-2.4
331,21,1,0,1,0,65943
331,21,1,0,1,1,64713
331,21,0,1,1,1,2.9
331,21,0,1,1,0,2.9
331,21,0,2,1,1,0.5
331,21,0,2,1,0,0.5
331,21,2,0,1,1,0.6
331,21,2,0,1,0,-0.1
332,21,1,0,1,0,67710
332,21,1,0,1,1,64609
332,21,0,1,1,1,3
332,21,0,1,1,0,3
332,21,0,2,1,1,0.5
332,21,0,2,1,0,0.5
332,21,2,0,1,1,-0.2
332,21,2,0,1,0,2.7
333,21,1,0,1,0,62775
333,21,1,0,1,1,64984
333,21,0,1,1,1,3
333,21,0,1,1,0,3
333,21,0,2,1,1,0.3
333,21,0,2,1,0,0.3
333,21,2,0,1,1,0.6
333,21,2,0,1,0,-7.3
334,21,1,0,1,0,65005
334,21,1,0,1,1,64875
334,21,0,1,1,1,3.1
334,21,0,1,1,0,3.1
334,21,0,2,1,1,0.4
334,21,0,2,1,0,0.4
334,21,2,0,1,1,-0.2
334,21,2,0,1,0,3.6
335,21,1,0,1,0,62326
335,21,1,0,1,1,64254
335,21,0,1,1,1,3
335,21,0,1,1,0,3
335,21,0,2,1,1,0.3
335,21,0,2,1,0,0.3
335,21,2,0,1,1,-1
335,21,2,0,1,0,-4.1
336,21,1,0,1,0,65085
336,21,1,0,1,1,64955
336,21,0,1,1,1,2.9
336,21,0,1,1,0,2.9
336,21,0,2,1,1,0.3
336,21,0,2,1,0,0.3
336,21,2,0,1,1,1.1
336,21,2,0,1,0,4.4
337,21,1,0,1,0,60769
337,21,1,0,1,1,65554
337,21,0,1,1,1,3
337,21,0,1,1,0,3
337,21,0,2,1,1,0.4
337,21,0,2,1,0,0.4
337,21,2,0,1,1,0.9
337,21,2,0,1,0,-6.6
338,21,1,0,1,0,62177
338,21,1,0,1,1,65449
338,21,0,1,1,1,3
338,21,0,1,1,0,3
338,21,0,2,1,1,0.3
338,21,0,2,1,0,0.3
338,21,2,0,1,1,-0.2
338,21,2,0,1,0,2.3
339,21,1,0,1,0,49742
339,21,1,0,1,1,48060
339,21,0,1,1,1,3.1
339,21,0,1,1,0,3.1
339,21,0,2,1,1,0.9
339,21,0,2,1,0,0.9
339,21,2,0,1,1,-26.6
339,21,2,0,1,0,-20
