per_idx,cat_idx,dt_idx,et_idx,is_adj,val
1,12,1,0,0,27306
1,12,1,0,1,27835
2,12,1,0,0,26223
2,12,1,0,1,27720
2,12,2,0,1,-0.4
2,12,2,0,0,-4
3,12,1,0,0,27235
3,12,1,0,1,27848
3,12,2,0,1,0.5
3,12,2,0,0,3.9
4,12,1,0,0,27588
4,12,1,0,1,27867
4,12,2,0,1,0.1
4,12,2,0,0,1.3
5,12,1,0,0,28883
5,12,1,0,1,27987
5,12,2,0,1,0.4
5,12,2,0,0,4.7
6,12,1,0,0,28039
6,12,1,0,1,28011
6,12,2,0,1,0.1
6,12,2,0,0,-2.9
7,12,1,0,0,29479
7,12,1,0,1,28183
7,12,2,0,1,0.6
7,12,2,0,0,5.1
8,12,1,0,0,28645
8,12,1,0,1,28222
8,12,2,0,1,0.1
8,12,2,0,0,-2.8
9,12,1,0,0,27475
9,12,1,0,1,28122
9,12,2,0,1,-0.4
9,12,2,0,0,-4.1
10,12,1,0,0,28583
10,12,1,0,1,28328
10,12,2,0,1,0.7
10,12,2,0,0,4
11,12,1,0,0,27620
11,12,1,0,1,28184
11,12,2,0,1,-0.5
11,12,2,0,0,-3.4
12,12,1,0,0,30294
12,12,1,0,1,28233
12,12,2,0,1,0.2
12,12,2,0,0,9.7
13,12,1,0,0,27571
13,12,1,0,1,28220
13,12,2,0,1,0
13,12,2,0,0,-9
14,12,1,0,0,25748
14,12,1,0,1,28419
14,12,2,0,1,0.7
14,12,2,0,0,-6.6
15,12,1,0,0,27911
15,12,1,0,1,28307
15,12,2,0,1,-0.4
15,12,2,0,0,8.4
16,12,1,0,0,28112
16,12,1,0,1,28367
16,12,2,0,1,0.2
16,12,2,0,0,0.7
17,12,1,0,0,29096
17,12,1,0,1,28386
17,12,2,0,1,0.1
17,12,2,0,0,3.5
18,12,1,0,0,28576
18,12,1,0,1,28377
18,12,2,0,1,0
18,12,2,0,0,-1.8
19,12,1,0,0,30067
19,12,1,0,1,28554
19,12,2,0,1,0.6
19,12,2,0,0,5.2
20,12,1,0,0,28470
20,12,1,0,1,28357
20,12,2,0,1,-0.7
20,12,2,0,0,-5.3
21,12,1,0,0,28022
21,12,1,0,1,28478
21,12,2,0,1,0.4
21,12,2,0,0,-1.6
22,12,1,0,0,28532
22,12,1,0,1,28618
22,12,2,0,1,0.5
22,12,2,0,0,1.8
23,12,1,0,0,28081
23,12,1,0,1,28625
23,12,2,0,1,0
23,12,2,0,0,-1.6
24,12,1,0,0,31132
24,12,1,0,1,28773
24,12,2,0,1,0.5
24,12,2,0,0,10.9
25,12,1,0,0,27889
25,12,1,0,1,28722
25,12,2,0,1,-0.2
25,12,2,0,0,-10.4
26,12,1,0,0,26175
26,12,1,0,1,28923
26,12,2,0,1,0.7
26,12,2,0,0,-6.1
27,12,1,0,0,29261
27,12,1,0,1,28914
27,12,2,0,1,0
27,12,2,0,0,11.8
28,12,1,0,0,28529
28,12,1,0,1,29111
28,12,2,0,1,0.7
28,12,2,0,0,-2.5
29,12,1,0,0,29402
29,12,1,0,1,29025
29,12,2,0,1,-0.3
29,12,2,0,0,3.1
30,12,1,0,0,29721
30,12,1,0,1,29311
30,12,2,0,1,1
30,12,2,0,0,1.1
31,12,1,0,0,30344
31,12,1,0,1,29149
31,12,2,0,1,-0.6
31,12,2,0,0,2.1
32,12,1,0,0,29792
32,12,1,0,1,29410
32,12,2,0,1,0.9
32,12,2,0,0,-1.8
33,12,1,0,0,29102
33,12,1,0,1,29545
33,12,2,0,1,0.5
33,12,2,0,0,-2.3
34,12,1,0,0,29079
34,12,1,0,1,29343
34,12,2,0,1,-0.7
34,12,2,0,0,-0.1
35,12,1,0,0,29077
35,12,1,0,1,29520
35,12,2,0,1,0.6
35,12,2,0,0,0
36,12,1,0,0,32152
36,12,1,0,1,29443
36,12,2,0,1,-0.3
36,12,2,0,0,10.6
37,12,1,0,0,28629
37,12,1,0,1,29791
37,12,2,0,1,1.2
37,12,2,0,0,-11
38,12,1,0,0,26762
38,12,1,0,1,29604
38,12,2,0,1,-0.6
38,12,2,0,0,-6.5
39,12,1,0,0,29708
39,12,1,0,1,29619
39,12,2,0,1,0.1
39,12,2,0,0,11
40,12,1,0,0,29086
40,12,1,0,1,29499
40,12,2,0,1,-0.4
40,12,2,0,0,-2.1
41,12,1,0,0,30388
41,12,1,0,1,29763
41,12,2,0,1,0.9
41,12,2,0,0,4.5
42,12,1,0,0,30229
42,12,1,0,1,29812
42,12,2,0,1,0.2
42,12,2,0,0,-0.5
43,12,1,0,0,30654
43,12,1,0,1,29675
43,12,2,0,1,-0.5
43,12,2,0,0,1.4
44,12,1,0,0,30434
44,12,1,0,1,29721
44,12,2,0,1,0.2
44,12,2,0,0,-0.7
45,12,1,0,0,29378
45,12,1,0,1,29735
45,12,2,0,1,0
45,12,2,0,0,-3.5
46,12,1,0,0,29068
46,12,1,0,1,29692
46,12,2,0,1,-0.1
46,12,2,0,0,-1.1
47,12,1,0,0,29619
47,12,1,0,1,29858
47,12,2,0,1,0.6
47,12,2,0,0,1.9
48,12,1,0,0,32454
48,12,1,0,1,29994
48,12,2,0,1,0.5
48,12,2,0,0,9.6
49,12,1,0,0,29172
49,12,1,0,1,30105
49,12,2,0,1,0.4
49,12,2,0,0,-10.1
50,12,1,0,0,28191
50,12,1,0,1,29990
50,12,2,0,1,-0.4
50,12,2,0,0,-3.4
51,12,1,0,0,30245
51,12,1,0,1,30125
51,12,2,0,1,0.5
51,12,2,0,0,7.3
52,12,1,0,0,29344
52,12,1,0,1,30220
52,12,2,0,1,0.3
52,12,2,0,0,-3
53,12,1,0,0,31364
53,12,1,0,1,30245
53,12,2,0,1,0.1
53,12,2,0,0,6.9
54,12,1,0,0,30470
54,12,1,0,1,30288
54,12,2,0,1,0.1
54,12,2,0,0,-2.9
55,12,1,0,0,31377
55,12,1,0,1,30493
55,12,2,0,1,0.7
55,12,2,0,0,3
56,12,1,0,0,31747
56,12,1,0,1,30555
56,12,2,0,1,0.2
56,12,2,0,0,1.2
57,12,1,0,0,29495
57,12,1,0,1,30565
57,12,2,0,1,0
57,12,2,0,0,-7.1
58,12,1,0,0,30674
58,12,1,0,1,30766
58,12,2,0,1,0.7
58,12,2,0,0,4
59,12,1,0,0,31014
59,12,1,0,1,30768
59,12,2,0,1,0
59,12,2,0,0,1.1
60,12,1,0,0,32454
60,12,1,0,1,30879
60,12,2,0,1,0.4
60,12,2,0,0,4.6
61,12,1,0,0,30534
61,12,1,0,1,31030
61,12,2,0,1,0.5
61,12,2,0,0,-5.9
62,12,1,0,0,27985
62,12,1,0,1,30991
62,12,2,0,1,-0.1
62,12,2,0,0,-8.3
63,12,1,0,0,31513
63,12,1,0,1,31109
63,12,2,0,1,0.4
63,12,2,0,0,12.6
64,12,1,0,0,29853
64,12,1,0,1,31065
64,12,2,0,1,-0.1
64,12,2,0,0,-5.3
65,12,1,0,0,32412
65,12,1,0,1,30987
65,12,2,0,1,-0.3
65,12,2,0,0,8.6
66,12,1,0,0,30527
66,12,1,0,1,30804
66,12,2,0,1,-0.6
66,12,2,0,0,-5.8
67,12,1,0,0,32232
67,12,1,0,1,31022
67,12,2,0,1,0.7
67,12,2,0,0,5.6
68,12,1,0,0,32032
68,12,1,0,1,31160
68,12,2,0,1,0.4
68,12,2,0,0,-0.6
69,12,1,0,0,30142
69,12,1,0,1,31171
69,12,2,0,1,0
69,12,2,0,0,-5.9
70,12,1,0,0,31319
70,12,1,0,1,31225
70,12,2,0,1,0.2
70,12,2,0,0,3.9
71,12,1,0,0,31032
71,12,1,0,1,31125
71,12,2,0,1,-0.3
71,12,2,0,0,-0.9
72,12,1,0,0,32989
72,12,1,0,1,31063
72,12,2,0,1,-0.2
72,12,2,0,0,6.3
73,12,1,0,0,30679
73,12,1,0,1,30989
73,12,2,0,1,-0.2
73,12,2,0,0,-7
74,12,1,0,0,27947
74,12,1,0,1,30915
74,12,2,0,1,-0.2
74,12,2,0,0,-8.9
75,12,1,0,0,30501
75,12,1,0,1,31123
75,12,2,0,1,0.7
75,12,2,0,0,9.1
76,12,1,0,0,30826
76,12,1,0,1,31169
76,12,2,0,1,0.1
76,12,2,0,0,1.1
77,12,1,0,0,32456
77,12,1,0,1,31358
77,12,2,0,1,0.6
77,12,2,0,0,5.3
78,12,1,0,0,31215
78,12,1,0,1,31435
78,12,2,0,1,0.2
78,12,2,0,0,-3.8
79,12,1,0,0,33067
79,12,1,0,1,31673
79,12,2,0,1,0.8
79,12,2,0,0,5.9
80,12,1,0,0,32220
80,12,1,0,1,31744
80,12,2,0,1,0.2
80,12,2,0,0,-2.6
81,12,1,0,0,31005
81,12,1,0,1,31702
81,12,2,0,1,-0.1
81,12,2,0,0,-3.8
82,12,1,0,0,32214
82,12,1,0,1,31864
82,12,2,0,1,0.5
82,12,2,0,0,3.9
83,12,1,0,0,31377
83,12,1,0,1,31920
83,12,2,0,1,0.2
83,12,2,0,0,-2.6
84,12,1,0,0,34681
84,12,1,0,1,32291
84,12,2,0,1,1.2
84,12,2,0,0,10.5
85,12,1,0,0,31516
85,12,1,0,1,32225
85,12,2,0,1,-0.2
85,12,2,0,0,-9.1
86,12,1,0,0,29413
86,12,1,0,1,32465
86,12,2,0,1,0.7
86,12,2,0,0,-6.7
87,12,1,0,0,32451
87,12,1,0,1,32419
87,12,2,0,1,-0.1
87,12,2,0,0,10.3
88,12,1,0,0,31948
88,12,1,0,1,32700
88,12,2,0,1,0.9
88,12,2,0,0,-1.6
89,12,1,0,0,33727
89,12,1,0,1,32776
89,12,2,0,1,0.2
89,12,2,0,0,5.6
90,12,1,0,0,32568
90,12,1,0,1,32633
90,12,2,0,1,-0.4
90,12,2,0,0,-3.4
91,12,1,0,0,34568
91,12,1,0,1,32891
91,12,2,0,1,0.8
91,12,2,0,0,6.1
92,12,1,0,0,32944
92,12,1,0,1,32878
92,12,2,0,1,0
92,12,2,0,0,-4.7
93,12,1,0,0,32624
93,12,1,0,1,33121
93,12,2,0,1,0.7
93,12,2,0,0,-1
94,12,1,0,0,32935
94,12,1,0,1,32968
94,12,2,0,1,-0.5
94,12,2,0,0,1
95,12,1,0,0,32510
95,12,1,0,1,32972
95,12,2,0,1,0
95,12,2,0,0,-1.3
96,12,1,0,0,37046
96,12,1,0,1,34270
96,12,2,0,1,3.9
96,12,2,0,0,14
97,12,1,0,0,31336
97,12,1,0,1,32239
97,12,2,0,1,-5.9
97,12,2,0,0,-15.4
98,12,1,0,0,30515
98,12,1,0,1,32567
98,12,2,0,1,1
98,12,2,0,0,-2.6
99,12,1,0,0,33216
99,12,1,0,1,33117
99,12,2,0,1,1.7
99,12,2,0,0,8.9
100,12,1,0,0,33004
100,12,1,0,1,33541
100,12,2,0,1,1.3
100,12,2,0,0,-0.6
101,12,1,0,0,34085
101,12,1,0,1,33221
101,12,2,0,1,-1
101,12,2,0,0,3.3
102,12,1,0,0,33880
102,12,1,0,1,33644
102,12,2,0,1,1.3
102,12,2,0,0,-0.6
103,12,1,0,0,34517
103,12,1,0,1,33479
103,12,2,0,1,-0.5
103,12,2,0,0,1.9
104,12,1,0,0,34225
104,12,1,0,1,33554
104,12,2,0,1,0.2
104,12,2,0,0,-0.8
105,12,1,0,0,33324
105,12,1,0,1,33729
105,12,2,0,1,0.5
105,12,2,0,0,-2.6
106,12,1,0,0,33190
106,12,1,0,1,33867
106,12,2,0,1,0.4
106,12,2,0,0,-0.4
107,12,1,0,0,33969
107,12,1,0,1,34071
107,12,2,0,1,0.6
107,12,2,0,0,2.3
108,12,1,0,0,37254
108,12,1,0,1,34558
108,12,2,0,1,1.4
108,12,2,0,0,9.7
109,12,1,0,0,33236
109,12,1,0,1,34229
109,12,2,0,1,-1
109,12,2,0,0,-10.8
110,12,1,0,0,31488
110,12,1,0,1,34602
110,12,2,0,1,1.1
110,12,2,0,0,-5.3
111,12,1,0,0,34856
111,12,1,0,1,34477
111,12,2,0,1,-0.4
111,12,2,0,0,10.7
112,12,1,0,0,33685
112,12,1,0,1,34727
112,12,0,1,1,0.8
112,12,0,1,0,0.8
112,12,0,2,1,0.2
112,12,0,2,0,0.2
112,12,2,0,1,0.7
112,12,2,0,0,-3.4
113,12,1,0,0,36068
113,12,1,0,1,34781
113,12,0,1,1,0.8
113,12,0,1,0,0.8
113,12,0,2,1,0.2
113,12,0,2,0,0.2
113,12,2,0,1,0.2
113,12,2,0,0,7.1
114,12,1,0,0,35215
114,12,1,0,1,34866
114,12,0,1,1,0.8
114,12,0,1,0,0.8
114,12,0,2,1,0.2
114,12,0,2,0,0.2
114,12,2,0,1,0.2
114,12,2,0,0,-2.4
115,12,1,0,0,35418
115,12,1,0,1,34792
115,12,0,1,1,0.9
115,12,0,1,0,0.9
115,12,0,2,1,0.1
115,12,0,2,0,0.1
115,12,2,0,1,-0.2
115,12,2,0,0,0.6
116,12,1,0,0,35919
116,12,1,0,1,35043
116,12,0,1,1,0.9
116,12,0,1,0,0.9
116,12,0,2,1,0.2
116,12,0,2,0,0.2
116,12,2,0,1,0.7
116,12,2,0,0,1.4
117,12,1,0,0,34379
117,12,1,0,1,35152
117,12,0,1,1,0.8
117,12,0,1,0,0.8
117,12,0,2,1,0.2
117,12,0,2,0,0.2
117,12,2,0,1,0.3
117,12,2,0,0,-4.3
118,12,1,0,0,34847
118,12,1,0,1,35270
118,12,0,1,1,0.8
118,12,0,1,0,0.8
118,12,0,2,1,0.1
118,12,0,2,0,0.1
118,12,2,0,1,0.3
118,12,2,0,0,1.4
119,12,1,0,0,35308
119,12,1,0,1,35414
119,12,0,1,1,0.8
119,12,0,1,0,0.8
119,12,0,2,1,0.1
119,12,0,2,0,0.1
119,12,2,0,1,0.4
119,12,2,0,0,1.3
120,12,1,0,0,37708
120,12,1,0,1,35208
120,12,0,1,1,0.8
120,12,0,1,0,0.8
120,12,0,2,1,0.2
120,12,0,2,0,0.2
120,12,2,0,1,-0.6
120,12,2,0,0,6.8
121,12,1,0,0,34533
121,12,1,0,1,35130
121,12,0,1,1,0.7
121,12,0,1,0,0.7
121,12,0,2,1,0.2
121,12,0,2,0,0.2
121,12,2,0,1,-0.2
121,12,2,0,0,-8.4
122,12,1,0,0,32024
122,12,1,0,1,35114
122,12,0,1,1,0.7
122,12,0,1,0,0.7
122,12,0,2,1,0.1
122,12,0,2,0,0.1
122,12,2,0,1,0
122,12,2,0,0,-7.3
123,12,1,0,0,35863
123,12,1,0,1,35160
123,12,0,1,1,0.7
123,12,0,1,0,0.7
123,12,0,2,1,0.1
123,12,0,2,0,0.1
123,12,2,0,1,0.1
123,12,2,0,0,12
124,12,1,0,0,33190
124,12,1,0,1,34827
124,12,0,1,1,0.8
124,12,0,1,0,0.8
124,12,0,2,1,0.1
124,12,0,2,0,0.1
124,12,2,0,1,-0.9
124,12,2,0,0,-7.5
125,12,1,0,0,36478
125,12,1,0,1,34941
125,12,0,1,1,0.8
125,12,0,1,0,0.8
125,12,0,2,1,0.1
125,12,0,2,0,0.1
125,12,2,0,1,0.3
125,12,2,0,0,9.9
126,12,1,0,0,34933
126,12,1,0,1,34933
126,12,0,1,1,0.8
126,12,0,1,0,0.8
126,12,0,2,1,0.1
126,12,0,2,0,0.1
126,12,2,0,1,0
126,12,2,0,0,-4.2
127,12,1,0,0,35885
127,12,1,0,1,35044
127,12,0,1,1,0.9
127,12,0,1,0,0.9
127,12,0,2,1,0.1
127,12,0,2,0,0.1
127,12,2,0,1,0.3
127,12,2,0,0,2.7
128,12,1,0,0,36025
128,12,1,0,1,34874
128,12,0,1,1,0.9
128,12,0,1,0,0.9
128,12,0,2,1,0.1
128,12,0,2,0,0.1
128,12,2,0,1,-0.5
128,12,2,0,0,0.4
129,12,1,0,0,33610
129,12,1,0,1,34865
129,12,0,1,1,0.8
129,12,0,1,0,0.8
129,12,0,2,1,0.1
129,12,0,2,0,0.1
129,12,2,0,1,0
129,12,2,0,0,-6.7
130,12,1,0,0,34885
130,12,1,0,1,34990
130,12,0,1,1,0.8
130,12,0,1,0,0.8
130,12,0,2,1,0.1
130,12,0,2,0,0.1
130,12,2,0,1,0.4
130,12,2,0,0,3.8
131,12,1,0,0,35649
131,12,1,0,1,35157
131,12,0,1,1,0.8
131,12,0,1,0,0.8
131,12,0,2,1,0.2
131,12,0,2,0,0.2
131,12,2,0,1,0.5
131,12,2,0,0,2.2
132,12,1,0,0,36738
132,12,1,0,1,35257
132,12,0,1,1,0.8
132,12,0,1,0,0.8
132,12,0,2,1,0.2
132,12,0,2,0,0.2
132,12,2,0,1,0.3
132,12,2,0,0,3.1
133,12,1,0,0,35384
133,12,1,0,1,35669
133,12,0,1,1,0.9
133,12,0,1,0,0.9
133,12,0,2,1,0.2
133,12,0,2,0,0.2
133,12,2,0,1,1.2
133,12,2,0,0,-3.7
134,12,1,0,0,32440
134,12,1,0,1,35570
134,12,0,1,1,0.8
134,12,0,1,0,0.8
134,12,0,2,1,0.1
134,12,0,2,0,0.1
134,12,2,0,1,-0.3
134,12,2,0,0,-8.3
135,12,1,0,0,35265
135,12,1,0,1,35549
135,12,0,1,1,0.9
135,12,0,1,0,0.9
135,12,0,2,1,0.1
135,12,0,2,0,0.1
135,12,2,0,1,-0.1
135,12,2,0,0,8.7
136,12,1,0,0,34854
136,12,1,0,1,35638
136,12,0,1,1,0.9
136,12,0,1,0,0.9
136,12,0,2,1,0.1
136,12,0,2,0,0.1
136,12,2,0,1,0.3
136,12,2,0,0,-1.2
137,12,1,0,0,37057
137,12,1,0,1,35225
137,12,0,1,1,1
137,12,0,1,0,1
137,12,0,2,1,0.1
137,12,0,2,0,0.1
137,12,2,0,1,-1.2
137,12,2,0,0,6.3
138,12,1,0,0,35212
138,12,1,0,1,35676
138,12,0,1,1,1
138,12,0,1,0,1
138,12,0,2,1,0.1
138,12,0,2,0,0.1
138,12,2,0,1,1.3
138,12,2,0,0,-5
139,12,1,0,0,37108
139,12,1,0,1,35957
139,12,0,1,1,1
139,12,0,1,0,1
139,12,0,2,1,0.2
139,12,0,2,0,0.2
139,12,2,0,1,0.8
139,12,2,0,0,5.4
140,12,1,0,0,36644
140,12,1,0,1,35890
140,12,0,1,1,0.9
140,12,0,1,0,0.9
140,12,0,2,1,0.2
140,12,0,2,0,0.2
140,12,2,0,1,-0.2
140,12,2,0,0,-1.3
141,12,1,0,0,34697
141,12,1,0,1,35918
141,12,0,1,1,0.8
141,12,0,1,0,0.8
141,12,0,2,1,0.1
141,12,0,2,0,0.1
141,12,2,0,1,0.1
141,12,2,0,0,-5.3
142,12,1,0,0,35870
142,12,1,0,1,35763
142,12,0,1,1,0.8
142,12,0,1,0,0.8
142,12,0,2,1,0.2
142,12,0,2,0,0.2
142,12,2,0,1,-0.4
142,12,2,0,0,3.4
143,12,1,0,0,35786
143,12,1,0,1,35679
143,12,0,1,1,0.7
143,12,0,1,0,0.7
143,12,0,2,1,0.2
143,12,0,2,0,0.2
143,12,2,0,1,-0.2
143,12,2,0,0,-0.2
144,12,1,0,0,37670
144,12,1,0,1,35808
144,12,0,1,1,0.8
144,12,0,1,0,0.8
144,12,0,2,1,0.1
144,12,0,2,0,0.1
144,12,2,0,1,0.4
144,12,2,0,0,5.3
145,12,1,0,0,36475
145,12,1,0,1,36402
145,12,0,1,1,0.8
145,12,0,1,0,0.8
145,12,0,2,1,0.2
145,12,0,2,0,0.2
145,12,2,0,1,1.7
145,12,2,0,0,-3.2
146,12,1,0,0,33701
146,12,1,0,1,35890
146,12,0,1,1,0.8
146,12,0,1,0,0.8
146,12,0,2,1,0.1
146,12,0,2,0,0.1
146,12,2,0,1,-1.4
146,12,2,0,0,-7.6
147,12,1,0,0,35892
147,12,1,0,1,36365
147,12,0,1,1,0.8
147,12,0,1,0,0.8
147,12,0,2,1,0.1
147,12,0,2,0,0.1
147,12,2,0,1,1.3
147,12,2,0,0,6.5
148,12,1,0,0,35876
148,12,1,0,1,36312
148,12,0,1,1,0.8
148,12,0,1,0,0.8
148,12,0,2,1,0.1
148,12,0,2,0,0.1
148,12,2,0,1,-0.1
148,12,2,0,0,0
149,12,1,0,0,37733
149,12,1,0,1,36528
149,12,0,1,1,0.8
149,12,0,1,0,0.8
149,12,0,2,1,0.1
149,12,0,2,0,0.1
149,12,2,0,1,0.6
149,12,2,0,0,5.2
150,12,1,0,0,36362
150,12,1,0,1,36508
150,12,0,1,1,0.9
150,12,0,1,0,0.9
150,12,0,2,1,0.1
150,12,0,2,0,0.1
150,12,2,0,1,-0.1
150,12,2,0,0,-3.6
151,12,1,0,0,38170
151,12,1,0,1,36526
151,12,0,1,1,0.9
151,12,0,1,0,0.9
151,12,0,2,1,0.1
151,12,0,2,0,0.1
151,12,2,0,1,0
151,12,2,0,0,5
152,12,1,0,0,36607
152,12,1,0,1,36680
152,12,0,1,1,0.9
152,12,0,1,0,0.9
152,12,0,2,1,0.1
152,12,0,2,0,0.1
152,12,2,0,1,0.4
152,12,2,0,0,-4.1
153,12,1,0,0,36360
153,12,1,0,1,36951
153,12,0,1,1,0.9
153,12,0,1,0,0.9
153,12,0,2,1,0.2
153,12,0,2,0,0.2
153,12,2,0,1,0.7
153,12,2,0,0,-0.7
154,12,1,0,0,37004
154,12,1,0,1,37078
154,12,0,1,1,0.9
154,12,0,1,0,0.9
154,12,0,2,1,0.1
154,12,0,2,0,0.1
154,12,2,0,1,0.3
154,12,2,0,0,1.8
155,12,1,0,0,36876
155,12,1,0,1,37286
155,12,0,1,1,0.8
155,12,0,1,0,0.8
155,12,0,2,1,0.2
155,12,0,2,0,0.2
155,12,2,0,1,0.6
155,12,2,0,0,-0.3
156,12,1,0,0,40080
156,12,1,0,1,37423
156,12,0,1,1,0.9
156,12,0,1,0,0.9
156,12,0,2,1,0.2
156,12,0,2,0,0.2
156,12,2,0,1,0.4
156,12,2,0,0,8.7
157,12,1,0,0,37176
157,12,1,0,1,37628
157,12,0,1,1,0.8
157,12,0,1,0,0.8
157,12,0,2,1,0.2
157,12,0,2,0,0.2
157,12,2,0,1,0.5
157,12,2,0,0,-7.2
158,12,1,0,0,34286
158,12,1,0,1,37553
158,12,0,1,1,0.8
158,12,0,1,0,0.8
158,12,0,2,1,0.1
158,12,0,2,0,0.1
158,12,2,0,1,-0.2
158,12,2,0,0,-7.8
159,12,1,0,0,38210
159,12,1,0,1,37645
159,12,0,1,1,0.9
159,12,0,1,0,0.9
159,12,0,2,1,0.2
159,12,0,2,0,0.2
159,12,2,0,1,0.2
159,12,2,0,0,11.4
160,12,1,0,0,36908
160,12,1,0,1,38049
160,12,0,1,1,0.9
160,12,0,1,0,0.9
160,12,0,2,1,0.1
160,12,0,2,0,0.1
160,12,2,0,1,1.1
160,12,2,0,0,-3.4
161,12,1,0,0,38742
161,12,1,0,1,37908
161,12,0,1,1,0.8
161,12,0,1,0,0.8
161,12,0,2,1,0.1
161,12,0,2,0,0.1
161,12,2,0,1,-0.4
161,12,2,0,0,5
162,12,1,0,0,38219
162,12,1,0,1,38143
162,12,0,1,1,0.9
162,12,0,1,0,0.9
162,12,0,2,1,0.2
162,12,0,2,0,0.2
162,12,2,0,1,0.6
162,12,2,0,0,-1.3
163,12,1,0,0,39289
163,12,1,0,1,37960
163,12,0,1,1,0.8
163,12,0,1,0,0.8
163,12,0,2,1,0.2
163,12,0,2,0,0.2
163,12,2,0,1,-0.5
163,12,2,0,0,2.8
164,12,1,0,0,38627
164,12,1,0,1,38320
164,12,0,1,1,0.9
164,12,0,1,0,0.9
164,12,0,2,1,0.1
164,12,0,2,0,0.1
164,12,2,0,1,0.9
164,12,2,0,0,-1.7
165,12,1,0,0,37844
165,12,1,0,1,38577
165,12,0,1,1,0.9
165,12,0,1,0,0.9
165,12,0,2,1,0.2
165,12,0,2,0,0.2
165,12,2,0,1,0.7
165,12,2,0,0,-2
166,12,1,0,0,38251
166,12,1,0,1,38559
166,12,0,1,1,0.9
166,12,0,1,0,0.9
166,12,0,2,1,0.1
166,12,0,2,0,0.1
166,12,2,0,1,0
166,12,2,0,0,1.1
167,12,1,0,0,38354
167,12,1,0,1,38508
167,12,0,1,1,0.9
167,12,0,1,0,0.9
167,12,0,2,1,0.2
167,12,0,2,0,0.2
167,12,2,0,1,-0.1
167,12,2,0,0,0.3
168,12,1,0,0,41761
168,12,1,0,1,38847
168,12,0,1,1,1
168,12,0,1,0,1
168,12,0,2,1,0.2
168,12,0,2,0,0.2
168,12,2,0,1,0.9
168,12,2,0,0,8.9
169,12,1,0,0,37489
169,12,1,0,1,38254
169,12,0,1,1,0.9
169,12,0,1,0,0.9
169,12,0,2,1,0.2
169,12,0,2,0,0.2
169,12,2,0,1,-1.5
169,12,2,0,0,-10.2
170,12,1,0,0,35506
170,12,1,0,1,38889
170,12,0,1,1,0.9
170,12,0,1,0,0.9
170,12,0,2,1,0.2
170,12,0,2,0,0.2
170,12,2,0,1,1.7
170,12,2,0,0,-5.3
171,12,1,0,0,38827
171,12,1,0,1,38866
171,12,0,1,1,0.9
171,12,0,1,0,0.9
171,12,0,2,1,0.2
171,12,0,2,0,0.2
171,12,2,0,1,-0.1
171,12,2,0,0,9.4
172,12,1,0,0,38269
172,12,1,0,1,38891
172,12,0,1,1,0.9
172,12,0,1,0,0.9
172,12,0,2,1,0.2
172,12,0,2,0,0.2
172,12,2,0,1,0.1
172,12,2,0,0,-1.4
173,12,1,0,0,40341
173,12,1,0,1,39242
173,12,0,1,1,1
173,12,0,1,0,1
173,12,0,2,1,0.1
173,12,0,2,0,0.1
173,12,2,0,1,0.9
173,12,2,0,0,5.4
174,12,1,0,0,39569
174,12,1,0,1,39372
174,12,0,1,1,1
174,12,0,1,0,1
174,12,0,2,1,0.1
174,12,0,2,0,0.1
174,12,2,0,1,0.3
174,12,2,0,0,-1.9
175,12,1,0,0,40357
175,12,1,0,1,39411
175,12,0,1,1,1
175,12,0,1,0,1
175,12,0,2,1,0.1
175,12,0,2,0,0.1
175,12,2,0,1,0.1
175,12,2,0,0,2
176,12,1,0,0,40340
176,12,1,0,1,39705
176,12,0,1,1,1
176,12,0,1,0,1
176,12,0,2,1,0.1
176,12,0,2,0,0.1
176,12,2,0,1,0.7
176,12,2,0,0,0
177,12,1,0,0,38766
177,12,1,0,1,39356
177,12,0,1,1,0.7
177,12,0,1,0,0.7
177,12,0,2,1,0.1
177,12,0,2,0,0.1
177,12,2,0,1,-0.9
177,12,2,0,0,-3.9
178,12,1,0,0,39322
178,12,1,0,1,40002
178,12,0,1,1,0.7
178,12,0,1,0,0.7
178,12,0,2,1,0.2
178,12,0,2,0,0.2
178,12,2,0,1,1.6
178,12,2,0,0,1.4
179,12,1,0,0,39989
179,12,1,0,1,39989
179,12,0,1,1,0.7
179,12,0,1,0,0.7
179,12,0,2,1,0.1
179,12,0,2,0,0.1
179,12,2,0,1,0
179,12,2,0,0,1.7
180,12,1,0,0,42924
180,12,1,0,1,40153
180,12,0,1,1,0.6
180,12,0,1,0,0.6
180,12,0,2,1,0.2
180,12,0,2,0,0.2
180,12,2,0,1,0.4
180,12,2,0,0,7.3
181,12,1,0,0,39649
181,12,1,0,1,40253
181,12,0,1,1,0.8
181,12,0,1,0,0.8
181,12,0,2,1,0.3
181,12,0,2,0,0.3
181,12,2,0,1,0.2
181,12,2,0,0,-7.6
182,12,1,0,0,37150
182,12,1,0,1,40646
182,12,0,1,1,0.8
182,12,0,1,0,0.8
182,12,0,2,1,0.1
182,12,0,2,0,0.1
182,12,2,0,1,1
182,12,2,0,0,-6.3
183,12,1,0,0,40815
183,12,1,0,1,40572
183,12,0,1,1,0.7
183,12,0,1,0,0.7
183,12,0,2,1,0.2
183,12,0,2,0,0.2
183,12,2,0,1,-0.2
183,12,2,0,0,9.9
184,12,1,0,0,39244
184,12,1,0,1,40416
184,12,0,1,1,0.8
184,12,0,1,0,0.8
184,12,0,2,1,0.2
184,12,0,2,0,0.2
184,12,2,0,1,-0.4
184,12,2,0,0,-3.8
185,12,1,0,0,42207
185,12,1,0,1,40740
185,12,0,1,1,0.8
185,12,0,1,0,0.8
185,12,0,2,1,0.1
185,12,0,2,0,0.1
185,12,2,0,1,0.8
185,12,2,0,0,7.6
186,12,1,0,0,41279
186,12,1,0,1,40870
186,12,0,1,1,0.8
186,12,0,1,0,0.8
186,12,0,2,1,0.1
186,12,0,2,0,0.1
186,12,2,0,1,0.3
186,12,2,0,0,-2.2
187,12,1,0,0,41619
187,12,1,0,1,41044
187,12,0,1,1,0.9
187,12,0,1,0,0.9
187,12,0,2,1,0.1
187,12,0,2,0,0.1
187,12,2,0,1,0.4
187,12,2,0,0,0.8
188,12,1,0,0,41896
188,12,1,0,1,40954
188,12,0,1,1,0.8
188,12,0,1,0,0.8
188,12,0,2,1,0.1
188,12,0,2,0,0.1
188,12,2,0,1,-0.2
188,12,2,0,0,0.7
189,12,1,0,0,40191
189,12,1,0,1,41095
189,12,0,1,1,0.8
189,12,0,1,0,0.8
189,12,0,2,1,0.1
189,12,0,2,0,0.1
189,12,2,0,1,0.3
189,12,2,0,0,-4.1
190,12,1,0,0,40924
190,12,1,0,1,41379
190,12,0,1,1,0.8
190,12,0,1,0,0.8
190,12,0,2,1,0.1
190,12,0,2,0,0.1
190,12,2,0,1,0.7
190,12,2,0,0,1.8
191,12,1,0,0,41910
191,12,1,0,1,41868
191,12,0,1,1,0.7
191,12,0,1,0,0.7
191,12,0,2,1,0.1
191,12,0,2,0,0.1
191,12,2,0,1,1.2
191,12,2,0,0,2.4
192,12,1,0,0,44476
192,12,1,0,1,41998
192,12,0,1,1,0.7
192,12,0,1,0,0.7
192,12,0,2,1,0.2
192,12,0,2,0,0.2
192,12,2,0,1,0.3
192,12,2,0,0,6.1
193,12,1,0,0,41864
193,12,1,0,1,42159
193,12,0,1,1,0.7
193,12,0,1,0,0.7
193,12,0,2,1,0.2
193,12,0,2,0,0.2
193,12,2,0,1,0.4
193,12,2,0,0,-5.9
194,12,1,0,0,39915
194,12,1,0,1,42016
194,12,0,1,1,0.8
194,12,0,1,0,0.8
194,12,0,2,1,0.2
194,12,0,2,0,0.2
194,12,2,0,1,-0.3
194,12,2,0,0,-4.7
195,12,1,0,0,42590
195,12,1,0,1,42168
195,12,0,1,1,0.8
195,12,0,1,0,0.8
195,12,0,2,1,0.2
195,12,0,2,0,0.2
195,12,2,0,1,0.4
195,12,2,0,0,6.7
196,12,1,0,0,40966
196,12,1,0,1,42584
196,12,0,1,1,0.9
196,12,0,1,0,0.9
196,12,0,2,1,0.2
196,12,0,2,0,0.2
196,12,2,0,1,1
196,12,2,0,0,-3.8
197,12,1,0,0,44549
197,12,1,0,1,42549
197,12,0,1,1,0.8
197,12,0,1,0,0.8
197,12,0,2,1,0.1
197,12,0,2,0,0.1
197,12,2,0,1,-0.1
197,12,2,0,0,8.7
198,12,1,0,0,42299
198,12,1,0,1,42683
198,12,0,1,1,0.9
198,12,0,1,0,0.9
198,12,0,2,1,0.1
198,12,0,2,0,0.1
198,12,2,0,1,0.3
198,12,2,0,0,-5.1
199,12,1,0,0,44057
199,12,1,0,1,42899
199,12,0,1,1,0.8
199,12,0,1,0,0.8
199,12,0,2,1,0.1
199,12,0,2,0,0.1
199,12,2,0,1,0.5
199,12,2,0,0,4.2
200,12,1,0,0,44010
200,12,1,0,1,43063
200,12,0,1,1,0.9
200,12,0,1,0,0.9
200,12,0,2,1,0.1
200,12,0,2,0,0.1
200,12,2,0,1,0.4
200,12,2,0,0,-0.1
201,12,1,0,0,41378
201,12,1,0,1,42834
201,12,0,1,1,1
201,12,0,1,0,1
201,12,0,2,1,0.2
201,12,0,2,0,0.2
201,12,2,0,1,-0.5
201,12,2,0,0,-6
202,12,1,0,0,42811
202,12,1,0,1,42768
202,12,0,1,1,0.9
202,12,0,1,0,0.9
202,12,0,2,1,0.2
202,12,0,2,0,0.2
202,12,2,0,1,-0.2
202,12,2,0,0,3.5
203,12,1,0,0,42751
203,12,1,0,1,42496
203,12,0,1,1,0.8
203,12,0,1,0,0.8
203,12,0,2,1,0.3
203,12,0,2,0,0.3
203,12,2,0,1,-0.6
203,12,2,0,0,-0.1
204,12,1,0,0,44032
204,12,1,0,1,42136
204,12,0,1,1,0.8
204,12,0,1,0,0.8
204,12,0,2,1,0.2
204,12,0,2,0,0.2
204,12,2,0,1,-0.8
204,12,2,0,0,3
205,12,1,0,0,42942
205,12,1,0,1,42771
205,12,0,1,1,0.9
205,12,0,1,0,0.9
205,12,0,2,1,0.1
205,12,0,2,0,0.1
205,12,2,0,1,1.5
205,12,2,0,0,-2.5
206,12,1,0,0,38522
206,12,1,0,1,42101
206,12,0,1,1,0.9
206,12,0,1,0,0.9
206,12,0,2,1,0.1
206,12,0,2,0,0.1
206,12,2,0,1,-1.6
206,12,2,0,0,-10.3
207,12,1,0,0,41312
207,12,1,0,1,42069
207,12,0,1,1,0.9
207,12,0,1,0,0.9
207,12,0,2,1,0.1
207,12,0,2,0,0.1
207,12,2,0,1,-0.1
207,12,2,0,0,7.2
208,12,1,0,0,41781
208,12,1,0,1,42288
208,12,0,1,1,1
208,12,0,1,0,1
208,12,0,2,1,0.1
208,12,0,2,0,0.1
208,12,2,0,1,0.5
208,12,2,0,0,1.1
209,12,1,0,0,44034
209,12,1,0,1,42300
209,12,0,1,1,0.9
209,12,0,1,0,0.9
209,12,0,2,1,0.3
209,12,0,2,0,0.3
209,12,2,0,1,0
209,12,2,0,0,5.4
210,12,1,0,0,42147
210,12,1,0,1,42530
210,12,0,1,1,0.9
210,12,0,1,0,0.9
210,12,0,2,1,0.1
210,12,0,2,0,0.1
210,12,2,0,1,0.5
210,12,2,0,0,-4.3
211,12,1,0,0,43839
211,12,1,0,1,42480
211,12,0,1,1,0.9
211,12,0,1,0,0.9
211,12,0,2,1,0.2
211,12,0,2,0,0.2
211,12,2,0,1,-0.1
211,12,2,0,0,4
212,12,1,0,0,42995
212,12,1,0,1,42401
212,12,0,1,1,1
212,12,0,1,0,1
212,12,0,2,1,0.1
212,12,0,2,0,0.1
212,12,2,0,1,-0.2
212,12,2,0,0,-1.9
213,12,1,0,0,41538
213,12,1,0,1,42691
213,12,0,1,1,1
213,12,0,1,0,1
213,12,0,2,1,0.1
213,12,0,2,0,0.1
213,12,2,0,1,0.7
213,12,2,0,0,-3.4
214,12,1,0,0,43020
214,12,1,0,1,42763
214,12,0,1,1,1
214,12,0,1,0,1
214,12,0,2,1,0.1
214,12,0,2,0,0.1
214,12,2,0,1,0.2
214,12,2,0,0,3.6
215,12,1,0,0,42508
215,12,1,0,1,42808
215,12,0,1,1,1
215,12,0,1,0,1
215,12,0,2,1,0.2
215,12,0,2,0,0.2
215,12,2,0,1,0.1
215,12,2,0,0,-1.2
216,12,1,0,0,45395
216,12,1,0,1,43192
216,12,0,1,1,1
216,12,0,1,0,1
216,12,0,2,1,0.1
216,12,0,2,0,0.1
216,12,2,0,1,0.9
216,12,2,0,0,6.8
217,12,1,0,0,42985
217,12,1,0,1,43028
217,12,0,1,1,1
217,12,0,1,0,1
217,12,0,2,1,0.2
217,12,0,2,0,0.2
217,12,2,0,1,-0.4
217,12,2,0,0,-5.3
218,12,1,0,0,40061
218,12,1,0,1,43735
218,12,0,1,1,1.1
218,12,0,1,0,1.1
218,12,0,2,1,0.3
218,12,0,2,0,0.3
218,12,2,0,1,1.6
218,12,2,0,0,-6.8
219,12,1,0,0,43434
219,12,1,0,1,43304
219,12,0,1,1,1.1
219,12,0,1,0,1.1
219,12,0,2,1,0.1
219,12,0,2,0,0.1
219,12,2,0,1,-1
219,12,2,0,0,8.4
220,12,1,0,0,42236
220,12,1,0,1,43186
220,12,0,1,1,1.2
220,12,0,1,0,1.2
220,12,0,2,1,0.2
220,12,0,2,0,0.2
220,12,2,0,1,-0.3
220,12,2,0,0,-2.8
221,12,1,0,0,44607
221,12,1,0,1,43266
221,12,0,1,1,1.1
221,12,0,1,0,1.1
221,12,0,2,1,0.2
221,12,0,2,0,0.2
221,12,2,0,1,0.2
221,12,2,0,0,5.6
222,12,1,0,0,42877
222,12,1,0,1,42963
222,12,0,1,1,1.2
222,12,0,1,0,1.2
222,12,0,2,1,0.2
222,12,0,2,0,0.2
222,12,2,0,1,-0.7
222,12,2,0,0,-3.9
223,12,1,0,0,44559
223,12,1,0,1,43011
223,12,0,1,1,1.2
223,12,0,1,0,1.2
223,12,0,2,1,0.1
223,12,0,2,0,0.1
223,12,2,0,1,0.1
223,12,2,0,0,3.9
224,12,1,0,0,43431
224,12,1,0,1,43258
224,12,0,1,1,1.4
224,12,0,1,0,1.4
224,12,0,2,1,0.2
224,12,0,2,0,0.2
224,12,2,0,1,0.6
224,12,2,0,0,-2.5
225,12,1,0,0,42642
225,12,1,0,1,43601
225,12,0,1,1,1.3
225,12,0,1,0,1.3
225,12,0,2,1,0.2
225,12,0,2,0,0.2
225,12,2,0,1,0.8
225,12,2,0,0,-1.8
226,12,1,0,0,43536
226,12,1,0,1,43493
226,12,0,1,1,1.3
226,12,0,1,0,1.3
226,12,0,2,1,0.2
226,12,0,2,0,0.2
226,12,2,0,1,-0.2
226,12,2,0,0,2.1
227,12,1,0,0,43724
227,12,1,0,1,44077
227,12,0,1,1,1.3
227,12,0,1,0,1.3
227,12,0,2,1,0.1
227,12,0,2,0,0.1
227,12,2,0,1,1.3
227,12,2,0,0,0.4
228,12,1,0,0,46658
228,12,1,0,1,44184
228,12,0,1,1,1.3
228,12,0,1,0,1.3
228,12,0,2,1,0.1
228,12,0,2,0,0.1
228,12,2,0,1,0.2
228,12,2,0,0,6.7
229,12,1,0,0,44282
229,12,1,0,1,44684
229,12,0,1,1,1.3
229,12,0,1,0,1.3
229,12,0,2,1,0.2
229,12,0,2,0,0.2
229,12,2,0,1,1.1
229,12,2,0,0,-5.1
230,12,1,0,0,41229
230,12,1,0,1,44961
230,12,0,1,1,1.3
230,12,0,1,0,1.3
230,12,0,2,1,0.1
230,12,0,2,0,0.1
230,12,2,0,1,0.6
230,12,2,0,0,-6.9
231,12,1,0,0,45068
231,12,1,0,1,45068
231,12,0,1,1,1.4
231,12,0,1,0,1.4
231,12,0,2,1,0.1
231,12,0,2,0,0.1
231,12,2,0,1,0.2
231,12,2,0,0,9.3
232,12,1,0,0,45586
232,12,1,0,1,45723
232,12,0,1,1,1.4
232,12,0,1,0,1.4
232,12,0,2,1,0.2
232,12,0,2,0,0.2
232,12,2,0,1,1.5
232,12,2,0,0,1.1
233,12,1,0,0,46318
233,12,1,0,1,45365
233,12,0,1,1,1.4
233,12,0,1,0,1.4
233,12,0,2,1,0.2
233,12,0,2,0,0.2
233,12,2,0,1,-0.8
233,12,2,0,0,1.6
234,12,1,0,0,45883
234,12,1,0,1,45791
234,12,0,1,1,1.3
234,12,0,1,0,1.3
234,12,0,2,1,0.2
234,12,0,2,0,0.2
234,12,2,0,1,0.9
234,12,2,0,0,-0.9
235,12,1,0,0,47171
235,12,1,0,1,45797
235,12,0,1,1,1.3
235,12,0,1,0,1.3
235,12,0,2,1,0.1
235,12,0,2,0,0.1
235,12,2,0,1,0
235,12,2,0,0,2.8
236,12,1,0,0,46448
236,12,1,0,1,46034
236,12,0,1,1,1.3
236,12,0,1,0,1.3
236,12,0,2,1,0.1
236,12,0,2,0,0.1
236,12,2,0,1,0.5
236,12,2,0,0,-1.5
237,12,1,0,0,44877
237,12,1,0,1,45840
237,12,0,1,1,1.3
237,12,0,1,0,1.3
237,12,0,2,1,0.1
237,12,0,2,0,0.1
237,12,2,0,1,-0.4
237,12,2,0,0,-3.4
238,12,1,0,0,45725
238,12,1,0,1,46047
238,12,0,1,1,1.3
238,12,0,1,0,1.3
238,12,0,2,1,0.2
238,12,0,2,0,0.2
238,12,2,0,1,0.5
238,12,2,0,0,1.9
239,12,1,0,0,46046
239,12,1,0,1,46185
239,12,0,1,1,1.3
239,12,0,1,0,1.3
239,12,0,2,1,0.2
239,12,0,2,0,0.2
239,12,2,0,1,0.3
239,12,2,0,0,0.7
240,12,1,0,0,48843
240,12,1,0,1,46035
240,12,0,1,1,1.3
240,12,0,1,0,1.3
240,12,0,2,1,0.2
240,12,0,2,0,0.2
240,12,2,0,1,-0.3
240,12,2,0,0,6.1
241,12,1,0,0,45462
241,12,1,0,1,46248
241,12,0,1,1,1.4
241,12,0,1,0,1.4
241,12,0,2,1,0.2
241,12,0,2,0,0.2
241,12,2,0,1,0.5
241,12,2,0,0,-6.9
242,12,1,0,0,44174
242,12,1,0,1,46353
242,12,0,1,1,1.4
242,12,0,1,0,1.4
242,12,0,2,1,0.7
242,12,0,2,0,0.7
242,12,2,0,1,0.2
242,12,2,0,0,-2.8
243,12,1,0,0,47408
243,12,1,0,1,46753
243,12,0,1,1,1.4
243,12,0,1,0,1.4
243,12,0,2,1,0.1
243,12,0,2,0,0.1
243,12,2,0,1,0.9
243,12,2,0,0,7.3
244,12,1,0,0,45754
244,12,1,0,1,46927
244,12,0,1,1,1.4
244,12,0,1,0,1.4
244,12,0,2,1,0.1
244,12,0,2,0,0.1
244,12,2,0,1,0.4
244,12,2,0,0,-3.5
245,12,1,0,0,48420
245,12,1,0,1,46873
245,12,0,1,1,1.4
245,12,0,1,0,1.4
245,12,0,2,1,0.2
245,12,0,2,0,0.2
245,12,2,0,1,-0.1
245,12,2,0,0,5.8
246,12,1,0,0,47217
246,12,1,0,1,46842
246,12,0,1,1,1.4
246,12,0,1,0,1.4
246,12,0,2,1,0.2
246,12,0,2,0,0.2
246,12,2,0,1,-0.1
246,12,2,0,0,-2.5
247,12,1,0,0,47473
247,12,1,0,1,46956
247,12,0,1,1,1.3
247,12,0,1,0,1.3
247,12,0,2,1,0.1
247,12,0,2,0,0.1
247,12,2,0,1,0.2
247,12,2,0,0,0.5
248,12,1,0,0,48047
248,12,1,0,1,47013
248,12,0,1,1,1.3
248,12,0,1,0,1.3
248,12,0,2,1,0.1
248,12,0,2,0,0.1
248,12,2,0,1,0.1
248,12,2,0,0,1.2
249,12,1,0,0,46047
249,12,1,0,1,47131
249,12,0,1,1,1.3
249,12,0,1,0,1.3
249,12,0,2,1,0.1
249,12,0,2,0,0.1
249,12,2,0,1,0.3
249,12,2,0,0,-4.2
250,12,1,0,0,46975
250,12,1,0,1,47449
250,12,0,1,1,1.3
250,12,0,1,0,1.3
250,12,0,2,1,0.2
250,12,0,2,0,0.2
250,12,2,0,1,0.7
250,12,2,0,0,2
251,12,1,0,0,47310
251,12,1,0,1,47310
251,12,0,1,1,1.3
251,12,0,1,0,1.3
251,12,0,2,1,0.1
251,12,0,2,0,0.1
251,12,2,0,1,-0.3
251,12,2,0,0,0.7
252,12,1,0,0,49358
252,12,1,0,1,47097
252,12,0,1,1,1.3
252,12,0,1,0,1.3
252,12,0,2,1,0.2
252,12,0,2,0,0.2
252,12,2,0,1,-0.5
252,12,2,0,0,4.3
253,12,1,0,0,47077
253,12,1,0,1,47219
253,12,0,1,1,1.3
253,12,0,1,0,1.3
253,12,0,2,1,0.1
253,12,0,2,0,0.1
253,12,2,0,1,0.3
253,12,2,0,0,-4.6
254,12,1,0,0,43830
254,12,1,0,1,47641
254,12,0,1,1,1.4
254,12,0,1,0,1.4
254,12,0,2,1,0.1
254,12,0,2,0,0.1
254,12,2,0,1,0.9
254,12,2,0,0,-6.9
255,12,1,0,0,48862
255,12,1,0,1,47577
255,12,0,1,1,2.2
255,12,0,1,0,2.2
255,12,0,2,1,0.2
255,12,0,2,0,0.2
255,12,2,0,1,-0.1
255,12,2,0,0,11.5
256,12,1,0,0,45308
256,12,1,0,1,47245
256,12,0,1,1,2.4
256,12,0,1,0,2.4
256,12,0,2,1,0.2
256,12,0,2,0,0.2
256,12,2,0,1,-0.7
256,12,2,0,0,-7.3
257,12,1,0,0,49542
257,12,1,0,1,47728
257,12,0,1,1,2.5
257,12,0,1,0,2.5
257,12,0,2,1,0.2
257,12,0,2,0,0.2
257,12,2,0,1,1
257,12,2,0,0,9.3
258,12,1,0,0,47759
258,12,1,0,1,47711
258,12,0,1,1,2.5
258,12,0,1,0,2.5
258,12,0,2,1,0.2
258,12,0,2,0,0.2
258,12,2,0,1,0
258,12,2,0,0,-3.6
259,12,1,0,0,48781
259,12,1,0,1,48013
259,12,0,1,1,2.7
259,12,0,1,0,2.7
259,12,0,2,1,0.2
259,12,0,2,0,0.2
259,12,2,0,1,0.6
259,12,2,0,0,2.1
260,12,1,0,0,49287
260,12,1,0,1,48085
260,12,0,1,1,2.7
260,12,0,1,0,2.7
260,12,0,2,1,0.1
260,12,0,2,0,0.1
260,12,2,0,1,0.1
260,12,2,0,0,1
261,12,1,0,0,46503
261,12,1,0,1,48190
261,12,0,1,1,2.6
261,12,0,1,0,2.6
261,12,0,2,1,0.2
261,12,0,2,0,0.2
261,12,2,0,1,0.2
261,12,2,0,0,-5.6
262,12,1,0,0,48291
262,12,1,0,1,48339
262,12,0,1,1,2.5
262,12,0,1,0,2.5
262,12,0,2,1,0.2
262,12,0,2,0,0.2
262,12,2,0,1,0.3
262,12,2,0,0,3.8
263,12,1,0,0,48917
263,12,1,0,1,48337
263,12,0,1,1,2.4
263,12,0,1,0,2.4
263,12,0,2,1,0.1
263,12,0,2,0,0.1
263,12,2,0,1,0
263,12,2,0,0,1.3
264,12,1,0,0,50390
264,12,1,0,1,48875
264,12,0,1,1,2.3
264,12,0,1,0,2.3
264,12,0,2,1,0.1
264,12,0,2,0,0.1
264,12,2,0,1,1.1
264,12,2,0,0,3
265,12,1,0,0,49165
265,12,1,0,1,49018
265,12,0,1,1,2.3
265,12,0,1,0,2.3
265,12,0,2,1,0.2
265,12,0,2,0,0.2
265,12,2,0,1,0.3
265,12,2,0,0,-2.4
266,12,1,0,0,45122
266,12,1,0,1,49046
266,12,0,1,1,1.3
266,12,0,1,0,1.3
266,12,0,2,1,1
266,12,0,2,0,1
266,12,2,0,1,0.1
266,12,2,0,0,-8.2
267,12,1,0,0,49033
267,12,1,0,1,49131
267,12,0,1,1,1.3
267,12,0,1,0,1.3
267,12,0,2,1,0.2
267,12,0,2,0,0.2
267,12,2,0,1,0.2
267,12,2,0,0,8.7
268,12,1,0,0,48727
268,12,1,0,1,49419
268,12,0,1,1,1.3
268,12,0,1,0,1.3
268,12,0,2,1,0.2
268,12,0,2,0,0.2
268,12,2,0,1,0.6
268,12,2,0,0,-0.6
269,12,1,0,0,51776
269,12,1,0,1,49641
269,12,0,1,1,1.3
269,12,0,1,0,1.3
269,12,0,2,1,0.1
269,12,0,2,0,0.1
269,12,2,0,1,0.4
269,12,2,0,0,6.3
270,12,1,0,0,49458
270,12,1,0,1,50008
270,12,0,1,1,1.4
270,12,0,1,0,1.4
270,12,0,2,1,0.2
270,12,0,2,0,0.2
270,12,2,0,1,0.7
270,12,2,0,0,-4.5
271,12,1,0,0,51374
271,12,1,0,1,50219
271,12,0,1,1,1.4
271,12,0,1,0,1.4
271,12,0,2,1,0.1
271,12,0,2,0,0.1
271,12,2,0,1,0.4
271,12,2,0,0,3.9
272,12,1,0,0,51298
272,12,1,0,1,50342
272,12,0,1,1,1.5
272,12,0,1,0,1.5
272,12,0,2,1,0.2
272,12,0,2,0,0.2
272,12,2,0,1,0.2
272,12,2,0,0,-0.1
273,12,1,0,0,48826
273,12,1,0,1,50545
273,12,0,1,1,1.4
273,12,0,1,0,1.4
273,12,0,2,1,0.1
273,12,0,2,0,0.1
273,12,2,0,1,0.4
273,12,2,0,0,-4.8
274,12,1,0,0,50995
274,12,1,0,1,50741
274,12,0,1,1,1.4
274,12,0,1,0,1.4
274,12,0,2,1,0.2
274,12,0,2,0,0.2
274,12,2,0,1,0.4
274,12,2,0,0,4.4
275,12,1,0,0,50946
275,12,1,0,1,50743
275,12,0,1,1,1.4
275,12,0,1,0,1.4
275,12,0,2,1,0.1
275,12,0,2,0,0.1
275,12,2,0,1,0
275,12,2,0,0,-0.1
276,12,1,0,0,52883
276,12,1,0,1,50898
276,12,0,1,1,1.5
276,12,0,1,0,1.5
276,12,0,2,1,0.1
276,12,0,2,0,0.1
276,12,2,0,1,0.3
276,12,2,0,0,3.8
277,12,1,0,0,51377
277,12,1,0,1,50969
277,12,0,1,1,1.5
277,12,0,1,0,1.5
277,12,0,2,1,0.1
277,12,0,2,0,0.1
277,12,2,0,1,0.1
277,12,2,0,0,-2.8
278,12,1,0,0,46905
278,12,1,0,1,51039
278,12,0,1,1,1.5
278,12,0,1,0,1.5
278,12,0,2,1,0.1
278,12,0,2,0,0.1
278,12,2,0,1,0.1
278,12,2,0,0,-8.7
279,12,1,0,0,50933
279,12,1,0,1,50984
279,12,0,1,1,1.5
279,12,0,1,0,1.5
279,12,0,2,1,0.1
279,12,0,2,0,0.1
279,12,2,0,1,-0.1
279,12,2,0,0,8.6
280,12,1,0,0,49828
280,12,1,0,1,50845
280,12,0,1,1,1.5
280,12,0,1,0,1.5
280,12,0,2,1,0.1
280,12,0,2,0,0.1
280,12,2,0,1,-0.3
280,12,2,0,0,-2.2
281,12,1,0,0,52888
281,12,1,0,1,50952
281,12,0,1,1,1.5
281,12,0,1,0,1.5
281,12,0,2,1,0.2
281,12,0,2,0,0.2
281,12,2,0,1,0.2
281,12,2,0,0,6.1
282,12,1,0,0,50610
282,12,1,0,1,51121
282,12,0,1,1,1.5
282,12,0,1,0,1.5
282,12,0,2,1,0.2
282,12,0,2,0,0.2
282,12,2,0,1,0.3
282,12,2,0,0,-4.3
283,12,1,0,0,52738
283,12,1,0,1,51302
283,12,0,1,1,1.6
283,12,0,1,0,1.6
283,12,0,2,1,0.1
283,12,0,2,0,0.1
283,12,2,0,1,0.4
283,12,2,0,0,4.2
284,12,1,0,0,51738
284,12,1,0,1,51327
284,12,0,1,1,1.5
284,12,0,1,0,1.5
284,12,0,2,1,0.1
284,12,0,2,0,0.1
284,12,2,0,1,0
284,12,2,0,0,-1.9
285,12,1,0,0,49863
285,12,1,0,1,51194
285,12,0,1,1,1.4
285,12,0,1,0,1.4
285,12,0,2,1,0.2
285,12,0,2,0,0.2
285,12,2,0,1,-0.3
285,12,2,0,0,-3.6
286,12,1,0,0,51595
286,12,1,0,1,51034
286,12,0,1,1,1.3
286,12,0,1,0,1.3
286,12,0,2,1,0.2
286,12,0,2,0,0.2
286,12,2,0,1,-0.3
286,12,2,0,0,3.5
287,12,1,0,0,50972
287,12,1,0,1,51435
287,12,0,1,1,1.3
287,12,0,1,0,1.3
287,12,0,2,1,0.1
287,12,0,2,0,0.1
287,12,2,0,1,0.8
287,12,2,0,0,-1.2
288,12,1,0,0,53712
288,12,1,0,1,51154
288,12,0,1,1,1.3
288,12,0,1,0,1.3
288,12,0,2,1,0.1
288,12,0,2,0,0.1
288,12,2,0,1,-0.5
288,12,2,0,0,5.4
289,12,1,0,0,51635
289,12,1,0,1,51481
289,12,0,1,1,1.5
289,12,0,1,0,1.5
289,12,0,2,1,0.4
289,12,0,2,0,0.4
289,12,2,0,1,0.6
289,12,2,0,0,-3.9
290,12,1,0,0,48543
290,12,1,0,1,51314
290,12,0,1,1,1.5
290,12,0,1,0,1.5
290,12,0,2,1,0.1
290,12,0,2,0,0.1
290,12,2,0,1,-0.3
290,12,2,0,0,-6
291,12,1,0,0,52006
291,12,1,0,1,50886
291,12,0,1,1,1.5
291,12,0,1,0,1.5
291,12,0,2,1,0.1
291,12,0,2,0,0.1
291,12,2,0,1,-0.8
291,12,2,0,0,7.1
292,12,1,0,0,50268
292,12,1,0,1,51504
292,12,0,1,1,1.5
292,12,0,1,0,1.5
292,12,0,2,1,0.1
292,12,0,2,0,0.1
292,12,2,0,1,1.2
292,12,2,0,0,-3.3
293,12,1,0,0,52740
293,12,1,0,1,51706
293,12,0,1,1,1.5
293,12,0,1,0,1.5
293,12,0,2,1,0.2
293,12,0,2,0,0.2
293,12,2,0,1,0.4
293,12,2,0,0,4.9
294,12,1,0,0,51995
294,12,1,0,1,51995
294,12,0,1,1,1.5
294,12,0,1,0,1.5
294,12,0,2,1,0.1
294,12,0,2,0,0.1
294,12,2,0,1,0.6
294,12,2,0,0,-1.4
295,12,1,0,0,53016
295,12,1,0,1,51673
295,12,0,1,1,1.6
295,12,0,1,0,1.6
295,12,0,2,1,0.2
295,12,0,2,0,0.2
295,12,2,0,1,-0.6
295,12,2,0,0,2
296,12,1,0,0,52094
296,12,1,0,1,51886
296,12,0,1,1,1.5
296,12,0,1,0,1.5
296,12,0,2,1,0.1
296,12,0,2,0,0.1
296,12,2,0,1,0.4
296,12,2,0,0,-1.7
297,12,1,0,0,51015
297,12,1,0,1,52109
297,12,0,1,1,1.6
297,12,0,1,0,1.6
297,12,0,2,1,0.1
297,12,0,2,0,0.1
297,12,2,0,1,0.4
297,12,2,0,0,-2.1
298,12,1,0,0,52241
298,12,1,0,1,52451
298,12,0,1,1,1.5
298,12,0,1,0,1.5
298,12,0,2,1,0.1
298,12,0,2,0,0.1
298,12,2,0,1,0.7
298,12,2,0,0,2.4
299,12,1,0,0,52347
299,12,1,0,1,52452
299,12,0,1,1,1.5
299,12,0,1,0,1.5
299,12,0,2,1,0.1
299,12,0,2,0,0.1
299,12,2,0,1,0
299,12,2,0,0,0.2
300,12,1,0,0,55981
300,12,1,0,1,52564
300,12,0,1,1,1.5
300,12,0,1,0,1.5
300,12,0,2,1,0.1
300,12,0,2,0,0.1
300,12,2,0,1,0.2
300,12,2,0,0,6.9
301,12,1,0,0,52120
301,12,1,0,1,52860
301,12,0,1,1,1.6
301,12,0,1,0,1.6
301,12,0,2,1,0.2
301,12,0,2,0,0.2
301,12,2,0,1,0.6
301,12,2,0,0,-6.9
302,12,1,0,0,48805
302,12,1,0,1,53164
302,12,0,1,1,1.6
302,12,0,1,0,1.6
302,12,0,2,1,0.1
302,12,0,2,0,0.1
302,12,2,0,1,0.6
302,12,2,0,0,-6.4
303,12,1,0,0,53915
303,12,1,0,1,53647
303,12,0,1,1,1.6
303,12,0,1,0,1.6
303,12,0,2,1,0.1
303,12,0,2,0,0.1
303,12,2,0,1,0.9
303,12,2,0,0,10.5
304,12,1,0,0,53191
304,12,1,0,1,53728
304,12,0,1,1,1.6
304,12,0,1,0,1.6
304,12,0,2,1,0.1
304,12,0,2,0,0.1
304,12,2,0,1,0.2
304,12,2,0,0,-1.3
305,12,1,0,0,55250
305,12,1,0,1,53850
305,12,0,1,1,1.7
305,12,0,1,0,1.7
305,12,0,2,1,0.2
305,12,0,2,0,0.2
305,12,2,0,1,0.2
305,12,2,0,0,3.9
306,12,1,0,0,53743
306,12,1,0,1,53689
306,12,0,1,1,1.6
306,12,0,1,0,1.6
306,12,0,2,1,0.2
306,12,0,2,0,0.2
306,12,2,0,1,-0.3
306,12,2,0,0,-2.7
307,12,1,0,0,54704
307,12,1,0,1,53790
307,12,0,1,1,1.7
307,12,0,1,0,1.7
307,12,0,2,1,0.1
307,12,0,2,0,0.1
307,12,2,0,1,0.2
307,12,2,0,0,1.8
308,12,1,0,0,54629
308,12,1,0,1,53981
308,12,0,1,1,1.6
308,12,0,1,0,1.6
308,12,0,2,1,0.1
308,12,0,2,0,0.1
308,12,2,0,1,0.4
308,12,2,0,0,-0.1
309,12,1,0,0,53701
309,12,1,0,1,54630
309,12,0,1,1,1.6
309,12,0,1,0,1.6
309,12,0,2,1,0.1
309,12,0,2,0,0.1
309,12,2,0,1,1.2
309,12,2,0,0,-1.7
310,12,1,0,0,54116
310,12,1,0,1,54773
310,12,0,1,1,1.6
310,12,0,1,0,1.6
310,12,0,2,1,0.1
310,12,0,2,0,0.1
310,12,2,0,1,0.3
310,12,2,0,0,0.8
311,12,1,0,0,54992
311,12,1,0,1,54882
311,12,0,1,1,1.5
311,12,0,1,0,1.5
311,12,0,2,1,0.2
311,12,0,2,0,0.2
311,12,2,0,1,0.2
311,12,2,0,0,1.6
312,12,1,0,0,58647
312,12,1,0,1,55275
312,12,0,1,1,1.5
312,12,0,1,0,1.5
312,12,0,2,1,0.1
312,12,0,2,0,0.1
312,12,2,0,1,0.7
312,12,2,0,0,6.6
313,12,1,0,0,54471
313,12,1,0,1,55021
313,12,0,1,1,1.6
313,12,0,1,0,1.6
313,12,0,2,1,0.1
313,12,0,2,0,0.1
313,12,2,0,1,-0.5
313,12,2,0,0,-7.1
314,12,1,0,0,50561
314,12,1,0,1,55077
314,12,0,1,1,1.6
314,12,0,1,0,1.6
314,12,0,2,1,0.1
314,12,0,2,0,0.1
314,12,2,0,1,0.1
314,12,2,0,0,-7.2
315,12,1,0,0,56897
315,12,1,0,1,55240
315,12,0,1,1,0.7
315,12,0,1,0,0.7
315,12,0,2,1,0.1
315,12,0,2,0,0.1
315,12,2,0,1,0.3
315,12,2,0,0,12.5
316,12,1,0,0,53212
316,12,1,0,1,55545
316,12,0,1,1,0.7
316,12,0,1,0,0.7
316,12,0,2,1,0.2
316,12,0,2,0,0.2
316,12,2,0,1,0.6
316,12,2,0,0,-6.5
317,12,1,0,0,57377
317,12,1,0,1,55490
317,12,0,1,1,0.6
317,12,0,1,0,0.6
317,12,0,2,1,0.2
317,12,0,2,0,0.2
317,12,2,0,1,-0.1
317,12,2,0,0,7.8
318,12,1,0,0,55626
318,12,1,0,1,55349
318,12,0,1,1,0.6
318,12,0,1,0,0.6
318,12,0,2,1,0.2
318,12,0,2,0,0.2
318,12,2,0,1,-0.3
318,12,2,0,0,-3.1
319,12,1,0,0,56217
319,12,1,0,1,55716
319,12,0,1,1,0.7
319,12,0,1,0,0.7
319,12,0,2,1,0.1
319,12,0,2,0,0.1
319,12,2,0,1,0.7
319,12,2,0,0,1.1
320,12,1,0,0,56496
320,12,1,0,1,55552
320,12,0,1,1,0.6
320,12,0,1,0,0.6
320,12,0,2,1,0.1
320,12,0,2,0,0.1
320,12,2,0,1,-0.3
320,12,2,0,0,0.5
321,12,1,0,0,54381
321,12,1,0,1,55661
321,12,0,1,1,0.6
321,12,0,1,0,0.6
321,12,0,2,1,0.1
321,12,0,2,0,0.1
321,12,2,0,1,0.2
321,12,2,0,0,-3.7
322,12,1,0,0,55444
322,12,1,0,1,55835
322,12,0,1,1,0.6
322,12,0,1,0,0.6
322,12,0,2,1,0.1
322,12,0,2,0,0.1
322,12,2,0,1,0.3
322,12,2,0,0,2
323,12,1,0,0,55933
323,12,1,0,1,55821
323,12,0,1,1,0.6
323,12,0,1,0,0.6
323,12,0,2,1,0.1
323,12,0,2,0,0.1
323,12,2,0,1,0
323,12,2,0,0,0.9
324,12,1,0,0,58482
324,12,1,0,1,55486
324,12,0,1,1,0.7
324,12,0,1,0,0.7
324,12,0,2,1,0.3
324,12,0,2,0,0.3
324,12,2,0,1,-0.6
324,12,2,0,0,4.6
325,12,1,0,0,56547
325,12,1,0,1,56660
325,12,0,1,1,0.6
325,12,0,1,0,0.6
325,12,0,2,1,0.2
325,12,0,2,0,0.2
325,12,2,0,1,2.1
325,12,2,0,0,-3.3
326,12,1,0,0,50662
326,12,1,0,1,55248
326,12,0,1,1,0.6
326,12,0,1,0,0.6
326,12,0,2,1,0.1
326,12,0,2,0,0.1
326,12,2,0,1,-2.5
326,12,2,0,0,-10.4
327,12,1,0,0,56503
327,12,1,0,1,56334
327,12,0,1,1,0.6
327,12,0,1,0,0.6
327,12,0,2,1,0.1
327,12,0,2,0,0.1
327,12,2,0,1,2
327,12,2,0,0,11.5
328,12,1,0,0,55315
328,12,1,0,1,56502
328,12,0,1,1,0.7
328,12,0,1,0,0.7
328,12,0,2,1,0.2
328,12,0,2,0,0.2
328,12,2,0,1,0.3
328,12,2,0,0,-2.1
329,12,1,0,0,58830
329,12,1,0,1,56622
329,12,0,1,1,0.7
329,12,0,1,0,0.7
329,12,0,2,1,0.1
329,12,0,2,0,0.1
329,12,2,0,1,0.2
329,12,2,0,0,6.4
330,12,1,0,0,56948
330,12,1,0,1,57005
330,12,0,1,1,0.7
330,12,0,1,0,0.7
330,12,0,2,1,0.1
330,12,0,2,0,0.1
330,12,2,0,1,0.7
330,12,2,0,0,-3.2
331,12,1,0,0,58557
331,12,1,0,1,57692
331,12,0,1,1,0.7
331,12,0,1,0,0.7
331,12,0,2,1,0.1
331,12,0,2,0,0.1
331,12,2,0,1,1.2
331,12,2,0,0,2.8
332,12,1,0,0,59028
332,12,1,0,1,57701
332,12,0,1,1,0.7
332,12,0,1,0,0.7
332,12,0,2,1,0.1
332,12,0,2,0,0.1
332,12,2,0,1,0
332,12,2,0,0,0.8
333,12,1,0,0,55217
333,12,1,0,1,57220
333,12,0,1,1,0.8
333,12,0,1,0,0.8
333,12,0,2,1,0.1
333,12,0,2,0,0.1
333,12,2,0,1,-0.8
333,12,2,0,0,-6.5
334,12,1,0,0,57258
334,12,1,0,1,57201
334,12,0,1,1,0.8
334,12,0,1,0,0.8
334,12,0,2,1,0.1
334,12,0,2,0,0.1
334,12,2,0,1,0
334,12,2,0,0,3.7
335,12,1,0,0,58185
335,12,1,0,1,57438
335,12,0,1,1,0.8
335,12,0,1,0,0.8
335,12,0,2,1,0.2
335,12,0,2,0,0.2
335,12,2,0,1,0.4
335,12,2,0,0,1.6
336,12,1,0,0,59812
336,12,1,0,1,57622
336,12,0,1,1,0.7
336,12,0,1,0,0.7
336,12,0,2,1,0.2
336,12,0,2,0,0.2
336,12,2,0,1,0.3
336,12,2,0,0,2.8
337,12,1,0,0,57667
337,12,1,0,1,57495
337,12,0,1,1,0.7
337,12,0,1,0,0.7
337,12,0,2,1,0.1
337,12,0,2,0,0.1
337,12,2,0,1,-0.2
337,12,2,0,0,-3.6
338,12,1,0,0,54845
338,12,1,0,1,57369
338,12,0,1,1,0.8
338,12,0,1,0,0.8
338,12,0,2,1,0.1
338,12,0,2,0,0.1
338,12,2,0,1,-0.2
338,12,2,0,0,-4.9
339,12,1,0,0,71737
339,12,1,0,1,72829
339,12,0,1,1,0.7
339,12,0,1,0,0.7
339,12,0,2,1,0.1
339,12,0,2,0,0.1
339,12,2,0,1,26.9
339,12,2,0,0,30.8
