per_idx,per_name
1,1/1/1992
2,2/1/1992
3,3/1/1992
4,4/1/1992
5,5/1/1992
6,6/1/1992
7,7/1/1992
8,8/1/1992
9,9/1/1992
10,10/1/1992
11,11/1/1992
12,12/1/1992
13,1/1/1993
14,2/1/1993
15,3/1/1993
16,4/1/1993
17,5/1/1993
18,6/1/1993
19,7/1/1993
20,8/1/1993
21,9/1/1993
22,10/1/1993
23,11/1/1993
24,12/1/1993
25,1/1/1994
26,2/1/1994
27,3/1/1994
28,4/1/1994
29,5/1/1994
30,6/1/1994
31,7/1/1994
32,8/1/1994
33,9/1/1994
34,10/1/1994
35,11/1/1994
36,12/1/1994
37,1/1/1995
38,2/1/1995
39,3/1/1995
40,4/1/1995
41,5/1/1995
42,6/1/1995
43,7/1/1995
44,8/1/1995
45,9/1/1995
46,10/1/1995
47,11/1/1995
48,12/1/1995
49,1/1/1996
50,2/1/1996
51,3/1/1996
52,4/1/1996
53,5/1/1996
54,6/1/1996
55,7/1/1996
56,8/1/1996
57,9/1/1996
58,10/1/1996
59,11/1/1996
60,12/1/1996
61,1/1/1997
62,2/1/1997
63,3/1/1997
64,4/1/1997
65,5/1/1997
66,6/1/1997
67,7/1/1997
68,8/1/1997
69,9/1/1997
70,10/1/1997
71,11/1/1997
72,12/1/1997
73,1/1/1998
74,2/1/1998
75,3/1/1998
76,4/1/1998
77,5/1/1998
78,6/1/1998
79,7/1/1998
80,8/1/1998
81,9/1/1998
82,10/1/1998
83,11/1/1998
84,12/1/1998
85,1/1/1999
86,2/1/1999
87,3/1/1999
88,4/1/1999
89,5/1/1999
90,6/1/1999
91,7/1/1999
92,8/1/1999
93,9/1/1999
94,10/1/1999
95,11/1/1999
96,12/1/1999
97,1/1/2000
98,2/1/2000
99,3/1/2000
100,4/1/2000
101,5/1/2000
102,6/1/2000
103,7/1/2000
104,8/1/2000
105,9/1/2000
106,10/1/2000
107,11/1/2000
108,12/1/2000
109,1/1/2001
110,2/1/2001
111,3/1/2001
112,4/1/2001
113,5/1/2001
114,6/1/2001
115,7/1/2001
116,8/1/2001
117,9/1/2001
118,10/1/2001
119,11/1/2001
120,12/1/2001
121,1/1/2002
122,2/1/2002
123,3/1/2002
124,4/1/2002
125,5/1/2002
126,6/1/2002
127,7/1/2002
128,8/1/2002
129,9/1/2002
130,10/1/2002
131,11/1/2002
132,12/1/2002
133,1/1/2003
134,2/1/2003
135,3/1/2003
136,4/1/2003
137,5/1/2003
138,6/1/2003
139,7/1/2003
140,8/1/2003
141,9/1/2003
142,10/1/2003
143,11/1/2003
144,12/1/2003
145,1/1/2004
146,2/1/2004
147,3/1/2004
148,4/1/2004
149,5/1/2004
150,6/1/2004
151,7/1/2004
152,8/1/2004
153,9/1/2004
154,10/1/2004
155,11/1/2004
156,12/1/2004
157,1/1/2005
158,2/1/2005
159,3/1/2005
160,4/1/2005
161,5/1/2005
162,6/1/2005
163,7/1/2005
164,8/1/2005
165,9/1/2005
166,10/1/2005
167,11/1/2005
168,12/1/2005
169,1/1/2006
170,2/1/2006
171,3/1/2006
172,4/1/2006
173,5/1/2006
174,6/1/2006
175,7/1/2006
176,8/1/2006
177,9/1/2006
178,10/1/2006
179,11/1/2006
180,12/1/2006
181,1/1/2007
182,2/1/2007
183,3/1/2007
184,4/1/2007
185,5/1/2007
186,6/1/2007
187,7/1/2007
188,8/1/2007
189,9/1/2007
190,10/1/2007
191,11/1/2007
192,12/1/2007
193,1/1/2008
194,2/1/2008
195,3/1/2008
196,4/1/2008
197,5/1/2008
198,6/1/2008
199,7/1/2008
200,8/1/2008
201,9/1/2008
202,10/1/2008
203,11/1/2008
204,12/1/2008
205,1/1/2009
206,2/1/2009
207,3/1/2009
208,4/1/2009
209,5/1/2009
210,6/1/2009
211,7/1/2009
212,8/1/2009
213,9/1/2009
214,10/1/2009
215,11/1/2009
216,12/1/2009
217,1/1/2010
218,2/1/2010
219,3/1/2010
220,4/1/2010
221,5/1/2010
222,6/1/2010
223,7/1/2010
224,8/1/2010
225,9/1/2010
226,10/1/2010
227,11/1/2010
228,12/1/2010
229,1/1/2011
230,2/1/2011
231,3/1/2011
232,4/1/2011
233,5/1/2011
234,6/1/2011
235,7/1/2011
236,8/1/2011
237,9/1/2011
238,10/1/2011
239,11/1/2011
240,12/1/2011
241,1/1/2012
242,2/1/2012
243,3/1/2012
244,4/1/2012
245,5/1/2012
246,6/1/2012
247,7/1/2012
248,8/1/2012
249,9/1/2012
250,10/1/2012
251,11/1/2012
252,12/1/2012
253,1/1/2013
254,2/1/2013
255,3/1/2013
256,4/1/2013
257,5/1/2013
258,6/1/2013
259,7/1/2013
260,8/1/2013
261,9/1/2013
262,10/1/2013
263,11/1/2013
264,12/1/2013
265,1/1/2014
266,2/1/2014
267,3/1/2014
268,4/1/2014
269,5/1/2014
270,6/1/2014
271,7/1/2014
272,8/1/2014
273,9/1/2014
274,10/1/2014
275,11/1/2014
276,12/1/2014
277,1/1/2015
278,2/1/2015
279,3/1/2015
280,4/1/2015
281,5/1/2015
282,6/1/2015
283,7/1/2015
284,8/1/2015
285,9/1/2015
286,10/1/2015
287,11/1/2015
288,12/1/2015
289,1/1/2016
290,2/1/2016
291,3/1/2016
292,4/1/2016
293,5/1/2016
294,6/1/2016
295,7/1/2016
296,8/1/2016
297,9/1/2016
298,10/1/2016
299,11/1/2016
300,12/1/2016
301,1/1/2017
302,2/1/2017
303,3/1/2017
304,4/1/2017
305,5/1/2017
306,6/1/2017
307,7/1/2017
308,8/1/2017
309,9/1/2017
310,10/1/2017
311,11/1/2017
312,12/1/2017
313,1/1/2018
314,2/1/2018
315,3/1/2018
316,4/1/2018
317,5/1/2018
318,6/1/2018
319,7/1/2018
320,8/1/2018
321,9/1/2018
322,10/1/2018
323,11/1/2018
324,12/1/2018
325,1/1/2019
326,2/1/2019
327,3/1/2019
328,4/1/2019
329,5/1/2019
330,6/1/2019
331,7/1/2019
332,8/1/2019
333,9/1/2019
334,10/1/2019
335,11/1/2019
336,12/1/2019
337,1/1/2020
338,2/1/2020
339,3/1/2020
